1,1,NULL,NULL,NULL,NULL,mm,MMT,Миллиметр,003,мм,ММ,1,1
2,1,NULL,NULL,NULL,NULL,cm,CMT,Сантиметр,004,см,СМ,1,1
3,1,NULL,NULL,NULL,NULL,dm,DMT,Дециметр,005,дм,ДМ,1,1
4,1,NULL,NULL,NULL,NULL,m,MTR,Метр,006,м,М,1,1
5,1,NULL,NULL,NULL,NULL,km,KMT,"Километр; тысяча метров",008,"км; 10^3 м","КМ; ТЫС М",1,1
6,1,NULL,NULL,NULL,NULL,Mm,MAM,"Мегаметр; миллион метров",009,"Мм; 10^6 м","МЕГАМ; МЛН М",1,1
7,1,NULL,NULL,NULL,NULL,in,INH,"Дюйм (25,4 мм)",039,дюйм,ДЮЙМ,1,1
8,1,NULL,NULL,NULL,NULL,ft,FOT,"Фут (0,3048 м)",041,фут,ФУТ,1,1
9,1,NULL,NULL,NULL,NULL,yd,YRD,"Ярд (0,9144 м)",043,ярд,ЯРД,1,1
10,1,NULL,NULL,NULL,NULL,"n mile",NMI,"Морская миля (1852 м)",047,миля,МИЛЬ,1,1
11,1,NULL,NULL,NULL,NULL,mm2,MMK,"Квадратный миллиметр",050,мм2,ММ2,2,1
12,1,NULL,NULL,NULL,NULL,cm2,CMK,"Квадратный сантиметр",051,см2,СМ2,2,1
13,1,NULL,NULL,NULL,NULL,dm2,DMK,"Квадратный дециметр",053,дм2,ДМ2,2,1
14,1,NULL,NULL,NULL,NULL,m2,MTK,"Квадратный метр",055,м2,М2,2,1
15,1,NULL,NULL,NULL,NULL,daa,DAA,"Тысяча квадратных метров",058,"10^3 м^2","ТЫС М2",2,1
16,1,NULL,NULL,NULL,NULL,ha,HAR,Гектар,059,га,ГА,2,1
17,1,NULL,NULL,NULL,NULL,km2,KMK,"Квадратный километр",061,км2,КМ2,2,1
18,1,NULL,NULL,NULL,NULL,in2,INK,"Квадратный дюйм (645,16 мм2)",071,дюйм2,ДЮЙМ2,2,1
19,1,NULL,NULL,NULL,NULL,ft2,FTK,"Квадратный фут (0,092903 м2)",073,фут2,ФУТ2,2,1
20,1,NULL,NULL,NULL,NULL,yd2,YDK,"Квадратный ярд (0,8361274 м2)",075,ярд2,ЯРД2,2,1
21,1,NULL,NULL,NULL,NULL,a,ARE,"Ар (100 м2)",109,а,АР,2,1
22,1,NULL,NULL,NULL,NULL,mm3,MMQ,"Кубический миллиметр",110,мм3,ММ3,3,1
23,1,NULL,NULL,NULL,NULL,"cm3; ml","CMQ; MLT","Кубический сантиметр; миллилитр",111,"см3; мл","СМ3; МЛ",3,1
24,1,NULL,NULL,NULL,NULL,"I; L; dm^3","LTR; DMQ","Литр; кубический дециметр",112,"л; дм3","Л; ДМ3",3,1
25,1,NULL,NULL,NULL,NULL,m3,MTQ,"Кубический метр",113,м3,М3,3,1
26,1,NULL,NULL,NULL,NULL,dl,DLT,Децилитр,118,дл,ДЛ,3,1
27,1,NULL,NULL,NULL,NULL,hl,HLT,Гектолитр,122,гл,ГЛ,3,1
28,1,NULL,NULL,NULL,NULL,Ml,MAL,Мегалитр,126,Мл,МЕГАЛ,3,1
29,1,NULL,NULL,NULL,NULL,in3,INQ,"Кубический дюйм (16387,1 мм3)",131,дюйм3,ДЮЙМ3,3,1
30,1,NULL,NULL,NULL,NULL,ft3,FTQ,"Кубический фут (0,02831685 м3)",132,фут3,ФУТ3,3,1
31,1,NULL,NULL,NULL,NULL,yd3,YDQ,"Кубический ярд (0,764555 м3)",133,ярд3,ЯРД3,3,1
32,1,NULL,NULL,NULL,NULL,"10^6 m3",HMQ,"Миллион кубических метров",159,"10^6 м3","МЛН М3",3,1
33,1,NULL,NULL,NULL,NULL,hg,HGM,Гектограмм,160,гг,ГГ,4,1
34,1,NULL,NULL,NULL,NULL,mg,MGM,Миллиграмм,161,мг,МГ,4,1
35,1,NULL,NULL,NULL,NULL,МС,CTM,"Метрический карат",162,кар,КАР,4,1
36,1,NULL,NULL,NULL,NULL,g,GRM,Грамм,163,г,Г,4,1
37,1,NULL,NULL,NULL,NULL,kg,KGM,Килограмм,166,кг,КГ,4,1
38,1,NULL,NULL,NULL,NULL,t,TNE,"Тонна; метрическая тонна (1000 кг)",168,т,Т,4,1
39,1,NULL,NULL,NULL,NULL,kt,KTN,Килотонна,170,"10^3 т",КТ,4,1
40,1,NULL,NULL,NULL,NULL,cg,CGM,Сантиграмм,173,сг,СГ,4,1
41,1,NULL,NULL,NULL,NULL,-,GRT,"Брутто-регистровая тонна (2,8316 м3)",181,БРТ,"БРУТТ. РЕГИСТР Т",4,1
42,1,NULL,NULL,NULL,NULL,-,CCT,"Грузоподъемность в метрических тоннах",185,"т грп","Т ГРУЗОПОД",4,1
43,1,NULL,NULL,NULL,NULL,"q; 10^2 kg",DTN,"Центнер (метрический) (100 кг, 1); гектокилограмм; квинтал1 (метрический, 1); децитонна",206,ц,Ц,4,1
44,1,NULL,NULL,NULL,NULL,W,WTT,Ватт,212,Вт,ВТ,5,1
45,1,NULL,NULL,NULL,NULL,kW,KWT,Киловатт,214,кВт,КВТ,5,1
46,1,NULL,NULL,NULL,NULL,MW,MAW,"Мегаватт; тысяча киловатт",215,"МВт; 10^3 кВт","МЕГАВТ; ТЫС КВТ",5,1
47,1,NULL,NULL,NULL,NULL,V,VLT,Вольт,222,В,В,5,1
48,1,NULL,NULL,NULL,NULL,kV,KVT,Киловольт,223,кВ,КВ,5,1
49,1,NULL,NULL,NULL,NULL,kV.A,KVA,Киловольт-ампер,227,кВ.А,КВ.А,5,1
50,1,NULL,NULL,NULL,NULL,MV.A,MVA,"Мегавольт-ампер (тысяча киловольт-ампер)",228,МВ.А,МЕГАВ.А,5,1
51,1,NULL,NULL,NULL,NULL,kVAR,KVR,Киловар,230,квар,КВАР,5,1
52,1,NULL,NULL,NULL,NULL,W.h,WHR,Ватт-час,243,Вт.ч,ВТ.Ч,5,1
53,1,NULL,NULL,NULL,NULL,kW.h,KWH,Киловатт-час,245,кВт.ч,КВТ.Ч,5,1
54,1,NULL,NULL,NULL,NULL,МW.h,MWH,"Мегаватт-час; 1000 киловатт-часов",246,"МВт.ч; 10^3 кВт.ч","МЕГАВТ.Ч; ТЫС КВТ.Ч",5,1
55,1,NULL,NULL,NULL,NULL,GW.h,GWH,"Гигаватт-час (миллион киловатт-часов)",247,ГВт.ч,ГИГАВТ.Ч,5,1
56,1,NULL,NULL,NULL,NULL,A,AMP,Ампер,260,А,А,5,1
57,1,NULL,NULL,NULL,NULL,A.h,AMH,"Ампер-час (3,6 кКл)",263,А.ч,А.Ч,5,1
58,1,NULL,NULL,NULL,NULL,"10^3 A.h",TAH,"Тысяча ампер-часов",264,"10^3 А.ч","ТЫС А.Ч",5,1
59,1,NULL,NULL,NULL,NULL,C,COU,Кулон,270,Кл,КЛ,5,1
60,1,NULL,NULL,NULL,NULL,J,JOU,Джоуль,271,Дж,ДЖ,5,1
61,1,NULL,NULL,NULL,NULL,kJ,KJO,Килоджоуль,273,кДж,КДЖ,5,1
62,1,NULL,NULL,NULL,NULL,<омега>,OHM,Ом,274,Ом,ОМ,5,1
63,1,NULL,NULL,NULL,NULL,"град. C",CEL,"Градус Цельсия",280,"град. C","ГРАД ЦЕЛЬС",5,1
64,1,NULL,NULL,NULL,NULL,"град. F",FAN,"Градус Фаренгейта",281,"град. F","ГРАД ФАРЕНГ",5,1
65,1,NULL,NULL,NULL,NULL,cd,CDL,Кандела,282,кд,КД,5,1
66,1,NULL,NULL,NULL,NULL,lx,LUX,Люкс,283,лк,ЛК,5,1
67,1,NULL,NULL,NULL,NULL,lm,LUM,Люмен,284,лм,ЛМ,5,1
68,1,NULL,NULL,NULL,NULL,K,KEL,Кельвин,288,K,К,5,1
69,1,NULL,NULL,NULL,NULL,N,NEW,Ньютон,289,Н,Н,5,1
70,1,NULL,NULL,NULL,NULL,Hz,HTZ,Герц,290,Гц,ГЦ,5,1
71,1,NULL,NULL,NULL,NULL,kHz,KHZ,Килогерц,291,кГц,КГЦ,5,1
72,1,NULL,NULL,NULL,NULL,MHz,MHZ,Мегагерц,292,МГц,МЕГАГЦ,5,1
73,1,NULL,NULL,NULL,NULL,Pa,PAL,Паскаль,294,Па,ПА,5,1
74,1,NULL,NULL,NULL,NULL,S,SIE,Сименс,296,См,СИ,5,1
75,1,NULL,NULL,NULL,NULL,kPa,KPA,Килопаскаль,297,кПа,КПА,5,1
76,1,NULL,NULL,NULL,NULL,MPa,MPA,Мегапаскаль,298,МПа,МЕГАПА,5,1
77,1,NULL,NULL,NULL,NULL,atm,ATM,"Физическая атмосфера (101325 Па)",300,атм,АТМ,5,1
78,1,NULL,NULL,NULL,NULL,at,ATT,"Техническая атмосфера (98066,5 Па)",301,ат,АТТ,5,1
79,1,NULL,NULL,NULL,NULL,GBq,GBQ,Гигабеккерель,302,ГБк,ГИГАБК,5,1
80,1,NULL,NULL,NULL,NULL,mCi,MCU,Милликюри,304,мКи,МКИ,5,1
81,1,NULL,NULL,NULL,NULL,Ci,CUR,Кюри,305,Ки,КИ,5,1
82,1,NULL,NULL,NULL,NULL,"g fissile isotopes",GFI,"Грамм делящихся изотопов",306,"г Д/И","Г ДЕЛЯЩ ИЗОТОП",5,1
83,1,NULL,NULL,NULL,NULL,mbar,MBR,Миллибар,308,мб,МБАР,5,1
84,1,NULL,NULL,NULL,NULL,bar,BAR,Бар,309,бар,БАР,5,1
85,1,NULL,NULL,NULL,NULL,hbar,HBA,Гектобар,310,гб,ГБАР,5,1
86,1,NULL,NULL,NULL,NULL,kbar,KBA,Килобар,312,кб,КБАР,5,1
87,1,NULL,NULL,NULL,NULL,F,FAR,Фарад,314,Ф,Ф,5,1
88,1,NULL,NULL,NULL,NULL,kg/m3,KMQ,"Килограмм на кубический метр",316,кг/м3,КГ/М3,5,1
89,1,NULL,NULL,NULL,NULL,Bq,BQL,Беккерель,323,Бк,БК,5,1
90,1,NULL,NULL,NULL,NULL,Wb,WEB,Вебер,324,Вб,ВБ,5,1
91,1,NULL,NULL,NULL,NULL,kn,KNT,"Узел (миля/ч)",327,уз,УЗ,5,1
92,1,NULL,NULL,NULL,NULL,m/s,MTS,"Метр в секунду",328,м/с,М/С,5,1
93,1,NULL,NULL,NULL,NULL,r/s,RPS,"Оборот в секунду",330,об/с,ОБ/С,5,1
94,1,NULL,NULL,NULL,NULL,r/min,RPM,"Оборот в минуту",331,об/мин,ОБ/МИН,5,1
95,1,NULL,NULL,NULL,NULL,km/h,KMH,"Километр в час",333,км/ч,КМ/Ч,5,1
96,1,NULL,NULL,NULL,NULL,m/s2,MSK,"Метр на секунду в квадрате",335,м/с2,М/С2,5,1
97,1,NULL,NULL,NULL,NULL,C/kg,CKG,"Кулон на килограмм",349,Кл/кг,КЛ/КГ,5,1
98,1,NULL,NULL,NULL,NULL,s,SEC,Секунда,354,с,С,6,1
99,1,NULL,NULL,NULL,NULL,min,MIN,Минута,355,мин,МИН,6,1
100,1,NULL,NULL,NULL,NULL,h,HUR,Час,356,ч,Ч,6,1
101,1,NULL,NULL,NULL,NULL,d,DAY,Сутки,359,"сут; дн","СУТ; ДН",6,1
102,1,NULL,NULL,NULL,NULL,-,WEE,Неделя,360,нед,НЕД,6,1
103,1,NULL,NULL,NULL,NULL,-,DAD,Декада,361,дек,ДЕК,6,1
104,1,NULL,NULL,NULL,NULL,-,MON,Месяц,362,мес,МЕС,6,1
105,1,NULL,NULL,NULL,NULL,-,QAN,Квартал,364,кварт,КВАРТ,6,1
106,1,NULL,NULL,NULL,NULL,-,SAN,Полугодие,365,полгода,ПОЛГОД,6,1
107,1,NULL,NULL,NULL,NULL,a,ANN,Год,366,"г; лет","ГОД; ЛЕТ",6,1
108,1,NULL,NULL,NULL,NULL,-,DEC,Десятилетие,368,деслет,ДЕСЛЕТ,6,1
109,1,NULL,NULL,NULL,NULL,-,KGS,"Килограмм в секунду",499,кг/с,КГ/С,7,1
110,1,NULL,NULL,NULL,NULL,-,TSH,"Тонна пара в час",533,"т пар/ч","Т ПАР/Ч",7,1
111,1,NULL,NULL,NULL,NULL,m3/s,MQS,"Кубический метр в секунду",596,м3/с,М3/С,7,1
112,1,NULL,NULL,NULL,NULL,m3/h,MQH,"Кубический метр в час",598,м3/ч,М3/Ч,7,1
113,1,NULL,NULL,NULL,NULL,-,TQD,"Тысяча кубических метров в сутки",599,"10^3 м3/сут","ТЫС М3/СУТ",7,1
114,1,NULL,NULL,NULL,NULL,-,NBB,Бобина,616,боб,БОБ,7,1
115,1,NULL,NULL,NULL,NULL,-,LEF,Лист,625,л.,ЛИСТ,7,1
116,1,NULL,NULL,NULL,NULL,-,CLF,"Сто листов",626,"100 л.","100 ЛИСТ",7,1
117,1,NULL,NULL,NULL,NULL,-,MBE,"Тысяча стандартных условных кирпичей",630,"тыс станд. усл. кирп","ТЫС СТАНД УСЛ КИРП",7,1
118,1,NULL,NULL,NULL,NULL,"Doz; 12",DZN,"Дюжина (12 шт.)",641,дюжина,ДЮЖИНА,7,1
119,1,NULL,NULL,NULL,NULL,-,NAR,Изделие,657,изд,ИЗД,7,1
120,1,NULL,NULL,NULL,NULL,Hbx,HBX,"Сто ящиков",683,"100 ящ.","100 ЯЩ",7,1
121,1,NULL,NULL,NULL,NULL,-,SET,Набор,704,набор,НАБОР,7,1
122,1,NULL,NULL,NULL,NULL,"pr; 2",NPR,"Пара (2 шт.)",715,пар,ПАР,7,1
123,1,NULL,NULL,NULL,NULL,20,SCO,"Два десятка",730,20,"2 ДЕС",7,1
124,1,NULL,NULL,NULL,NULL,-,TPR,"Десять пар",732,"10 пар","ДЕС ПАР",7,1
125,1,NULL,NULL,NULL,NULL,-,DPR,"Дюжина пар",733,"дюжина пар","ДЮЖИНА ПАР",7,1
126,1,NULL,NULL,NULL,NULL,-,NPL,Посылка,734,посыл,ПОСЫЛ,7,1
127,1,NULL,NULL,NULL,NULL,-,NPT,Часть,735,часть,ЧАСТЬ,7,1
128,1,NULL,NULL,NULL,NULL,-,NPL,Рулон,736,рул,РУЛ,7,1
129,1,NULL,NULL,NULL,NULL,-,DRL,"Дюжина рулонов",737,"дюжина рул","ДЮЖИНА РУЛ",7,1
130,1,NULL,NULL,NULL,NULL,-,DPC,"Дюжина штук",740,"дюжина шт","ДЮЖИНА ШТ",7,1
131,1,NULL,NULL,NULL,NULL,CI,NCL,Элемент,745,элем,ЭЛЕМ,7,1
132,1,NULL,NULL,NULL,NULL,-,NMP,Упаковка,778,упак,УПАК,7,1
133,1,NULL,NULL,NULL,NULL,-,DZP,"Дюжина упаковок",780,"дюжина упак","ДЮЖИНА УПАК",7,1
134,1,NULL,NULL,NULL,NULL,-,CNP,"Сто упаковок",781,"100 упак","100 УПАК",7,1
135,1,NULL,NULL,NULL,NULL,"pc; 1","PCE; NMB",Штука,796,шт,ШТ,7,1
136,1,NULL,NULL,NULL,NULL,100,CEN,"Сто штук",797,"100 шт","100 ШТ",7,1
137,1,NULL,NULL,NULL,NULL,1000,MIL,"Тысяча штук",798,"тыс. шт; 1000 шт","ТЫС ШТ",7,1
138,1,NULL,NULL,NULL,NULL,10^6,MIO,"Миллион штук",799,"10^6 шт","МЛН ШТ",7,1
139,1,NULL,NULL,NULL,NULL,10^9,MLD,"Миллиард штук",800,"10^9 шт","МЛРД ШТ",7,1
140,1,NULL,NULL,NULL,NULL,10^12,BIL,"Биллион штук (Европа, 1); триллион штук",801,"10^12 шт","БИЛЛ ШТ (ЕВР, 1); ТРИЛЛ ШТ",7,1
141,1,NULL,NULL,NULL,NULL,10^18,TRL,"Квинтильон штук (Европа)",802,"10^18 шт","КВИНТ ШТ",7,1
142,1,NULL,NULL,NULL,NULL,"% mds",ASM,"Крепость спирта по массе",820,"креп. спирта по массе","КРЕП СПИРТ ПО МАССЕ",7,1
143,1,NULL,NULL,NULL,NULL,"% vol",ASV,"Крепость спирта по объему",821,"креп. спирта по объему","КРЕП СПИРТ ПО ОБЪЕМ",7,1
144,1,NULL,NULL,NULL,NULL,-,LPA,"Литр чистого (100%) спирта",831,"л 100% спирта","Л ЧИСТ СПИРТ",7,1
145,1,NULL,NULL,NULL,NULL,-,HPA,"Гектолитр чистого (100%) спирта",833,"Гл 100% спирта","ГЛ ЧИСТ СПИРТ",7,1
146,1,NULL,NULL,NULL,NULL,-,-,"Килограмм пероксида водорода",841,"кг H2О2","КГ ПЕРОКСИД ВОДОРОДА",7,1
147,1,NULL,NULL,NULL,NULL,-,KSD,"Килограмм 90%-го сухого вещества",845,"кг 90% с/в","КГ 90 ПРОЦ СУХ ВЕЩ",7,1
148,1,NULL,NULL,NULL,NULL,-,TSD,"Тонна 90%-го сухого вещества",847,"т 90% с/в","Т 90 ПРОЦ СУХ ВЕЩ",7,1
149,1,NULL,NULL,NULL,NULL,-,KPO,"Килограмм оксида калия",852,"кг К2О","КГ ОКСИД КАЛИЯ",7,1
150,1,NULL,NULL,NULL,NULL,-,KPH,"Килограмм гидроксида калия",859,"кг КОН","КГ ГИДРОКСИД КАЛИЯ",7,1
151,1,NULL,NULL,NULL,NULL,-,KNI,"Килограмм азота",861,"кг N","КГ АЗОТ",7,1
152,1,NULL,NULL,NULL,NULL,-,KSH,"Килограмм гидроксида натрия",863,"кг NaOH","КГ ГИДРОКСИД НАТРИЯ",7,1
153,1,NULL,NULL,NULL,NULL,-,KPP,"Килограмм пятиокиси фосфора",865,"кг Р2О5","КГ ПЯТИОКИСЬ ФОСФОРА",7,1
154,1,NULL,NULL,NULL,NULL,-,KUR,"Килограмм урана",867,"кг U","КГ УРАН",7,1
155,1,NULL,NULL,NULL,NULL,NULL,NULL,"Погонный метр",018,"пог. м","ПОГ М",1,2
156,1,NULL,NULL,NULL,NULL,NULL,NULL,"Тысяча погонных метров",019,"10^3 пог. м","ТЫС ПОГ М",1,2
157,1,NULL,NULL,NULL,NULL,NULL,NULL,"Условный метр",020,"усл. м","УСЛ М",1,2
158,1,NULL,NULL,NULL,NULL,NULL,NULL,"Тысяча условных метров",048,"10^3 усл. м","ТЫС УСЛ М",1,2
159,1,NULL,NULL,NULL,NULL,NULL,NULL,"Километр условных труб",049,"км усл. труб","КМ УСЛ ТРУБ",1,2
160,1,NULL,NULL,NULL,NULL,NULL,NULL,"Тысяча квадратных дециметров",054,"10^3 дм2","ТЫС ДМ2",2,2
161,1,NULL,NULL,NULL,NULL,NULL,NULL,"Миллион квадратных дециметров",056,"10^6 дм2","МЛН ДМ2",2,2
162,1,NULL,NULL,NULL,NULL,NULL,NULL,"Миллион квадратных метров",057,"10^6 м2","МЛН М2",2,2
163,1,NULL,NULL,NULL,NULL,NULL,NULL,"Тысяча гектаров",060,"10^3 га","ТЫС ГА",2,2
164,1,NULL,NULL,NULL,NULL,NULL,NULL,"Условный квадратный метр",062,"усл. м2","УСЛ М2",2,2
165,1,NULL,NULL,NULL,NULL,NULL,NULL,"Тысяча условных квадратных метров",063,"10^3 усл. м2","ТЫС УСЛ М2",2,2
166,1,NULL,NULL,NULL,NULL,NULL,NULL,"Миллион условных квадратных метров",064,"10^6 усл. м2","МЛН УСЛ М2",2,2
167,1,NULL,NULL,NULL,NULL,NULL,NULL,"Квадратный метр общей площади",081,"м2 общ. пл","М2 ОБЩ ПЛ",2,2
168,1,NULL,NULL,NULL,NULL,NULL,NULL,"Тысяча квадратных метров общей площади",082,"10^3 м2 общ. пл","ТЫС М2 ОБЩ ПЛ",2,2
169,1,NULL,NULL,NULL,NULL,NULL,NULL,"Миллион квадратных метров общей площади",083,"10^6 м2 общ. пл","МЛН М2. ОБЩ ПЛ",2,2
170,1,NULL,NULL,NULL,NULL,NULL,NULL,"Квадратный метр жилой площади",084,"м2 жил. пл","М2 ЖИЛ ПЛ",2,2
171,1,NULL,NULL,NULL,NULL,NULL,NULL,"Тысяча квадратных метров жилой площади",085,"10^3 м2 жил. пл","ТЫС М2 ЖИЛ ПЛ",2,2
172,1,NULL,NULL,NULL,NULL,NULL,NULL,"Миллион квадратных метров жилой площади",086,"10^6 м2 жил. пл","МЛН М2 ЖИЛ ПЛ",2,2
173,1,NULL,NULL,NULL,NULL,NULL,NULL,"Квадратный метр учебно-лабораторных зданий",087,"м2 уч. лаб. здан","М2 УЧ.ЛАБ ЗДАН",2,2
174,1,NULL,NULL,NULL,NULL,NULL,NULL,"Тысяча квадратных метров учебно-лабораторных зданий",088,"10^3 м2 уч. лаб. здан","ТЫС М2 УЧ. ЛАБ ЗДАН",2,2
175,1,NULL,NULL,NULL,NULL,NULL,NULL,"Миллион квадратных метров в двухмиллиметровом исчислении",089,"10^6 м2 2 мм исч","МЛН М2 2ММ ИСЧ",2,2
176,1,NULL,NULL,NULL,NULL,NULL,NULL,"Тысяча кубических метров",114,"10^3 м3","ТЫС М3",3,2
177,1,NULL,NULL,NULL,NULL,NULL,NULL,"Миллиард кубических метров",115,"10^9 м3","МЛРД М3",3,2
178,1,NULL,NULL,NULL,NULL,NULL,NULL,Декалитр,116,дкл,ДКЛ,3,2
179,1,NULL,NULL,NULL,NULL,NULL,NULL,"Тысяча декалитров",119,"10^3 дкл","ТЫС ДКЛ",3,2
180,1,NULL,NULL,NULL,NULL,NULL,NULL,"Миллион декалитров",120,"10^6 дкл","МЛН ДКЛ",3,2
181,1,NULL,NULL,NULL,NULL,NULL,NULL,"Плотный кубический метр",121,"плотн. м3","ПЛОТН М3",3,2
182,1,NULL,NULL,NULL,NULL,NULL,NULL,"Условный кубический метр",123,"усл. м3","УСЛ М3",3,2
183,1,NULL,NULL,NULL,NULL,NULL,NULL,"Тысяча условных кубических метров",124,"10^3 усл. м3","ТЫС УСЛ М3",3,2
184,1,NULL,NULL,NULL,NULL,NULL,NULL,"Миллион кубических метров переработки газа",125,"10^6 м3 перераб. газа","МЛН М3 ПЕРЕРАБ ГАЗА",3,2
185,1,NULL,NULL,NULL,NULL,NULL,NULL,"Тысяча плотных кубических метров",127,"10^3 плотн. м3","ТЫС ПЛОТН М3",3,2
186,1,NULL,NULL,NULL,NULL,NULL,NULL,"Тысяча полулитров",128,"10^3 пол. л","ТЫС ПОЛ Л",3,2
187,1,NULL,NULL,NULL,NULL,NULL,NULL,"Миллион полулитров",129,"10^6 пол. л","МЛН ПОЛ Л",3,2
188,1,NULL,NULL,NULL,NULL,NULL,NULL,"Тысяча литров; 1000 литров",130,"10^3 л; 1000 л","ТЫС Л",3,2
189,1,NULL,NULL,NULL,NULL,NULL,NULL,"Тысяча каратов метрических",165,"10^3 кар","ТЫС КАР",4,2
190,1,NULL,NULL,NULL,NULL,NULL,NULL,"Миллион каратов метрических",167,"10^6 кар","МЛН КАР",4,2
191,1,NULL,NULL,NULL,NULL,NULL,NULL,"Тысяча тонн",169,"10^3 т","ТЫС Т",4,2
192,1,NULL,NULL,NULL,NULL,NULL,NULL,"Миллион тонн",171,"10^6 т","МЛН Т",4,2
193,1,NULL,NULL,NULL,NULL,NULL,NULL,"Тонна условного топлива",172,"т усл. топл","Т УСЛ ТОПЛ",4,2
194,1,NULL,NULL,NULL,NULL,NULL,NULL,"Тысяча тонн условного топлива",175,"10^3 т усл. топл","ТЫС Т УСЛ ТОПЛ",4,2
195,1,NULL,NULL,NULL,NULL,NULL,NULL,"Миллион тонн условного топлива",176,"10^6 т усл. топл","МЛН Т УСЛ ТОПЛ",4,2
196,1,NULL,NULL,NULL,NULL,NULL,NULL,"Тысяча тонн единовременного хранения",177,"10^3 т единовр. хран","ТЫС Т ЕДИНОВР ХРАН",4,2
197,1,NULL,NULL,NULL,NULL,NULL,NULL,"Тысяча тонн переработки",178,"10^3 т перераб","ТЫС Т ПЕРЕРАБ",4,2
198,1,NULL,NULL,NULL,NULL,NULL,NULL,"Условная тонна",179,"усл. т","УСЛ Т",4,2
199,1,NULL,NULL,NULL,NULL,NULL,NULL,"Тысяча центнеров",207,"10^3 ц","ТЫС Ц",4,2
200,1,NULL,NULL,NULL,NULL,NULL,NULL,Вольт-ампер,226,В.А,В.А,5,2
201,1,NULL,NULL,NULL,NULL,NULL,NULL,"Метр в час",231,м/ч,М/Ч,5,2
202,1,NULL,NULL,NULL,NULL,NULL,NULL,Килокалория,232,ккал,ККАЛ,5,2
203,1,NULL,NULL,NULL,NULL,NULL,NULL,Гигакалория,233,Гкал,ГИГАКАЛ,5,2
204,1,NULL,NULL,NULL,NULL,NULL,NULL,"Тысяча гигакалорий",234,"10^3 Гкал","ТЫС ГИГАКАЛ",5,2
205,1,NULL,NULL,NULL,NULL,NULL,NULL,"Миллион гигакалорий",235,"10^6 Гкал","МЛН ГИГАКАЛ",5,2
206,1,NULL,NULL,NULL,NULL,NULL,NULL,"Калория в час",236,кал/ч,КАЛ/Ч,5,2
207,1,NULL,NULL,NULL,NULL,NULL,NULL,"Килокалория в час",237,ккал/ч,ККАЛ/Ч,5,2
208,1,NULL,NULL,NULL,NULL,NULL,NULL,"Гигакалория в час",238,Гкал/ч,ГИГАКАЛ/Ч,5,2
209,1,NULL,NULL,NULL,NULL,NULL,NULL,"Тысяча гигакалорий в час",239,"10^3 Гкал/ч","ТЫС ГИГАКАЛ/Ч",5,2
210,1,NULL,NULL,NULL,NULL,NULL,NULL,"Миллион ампер-часов",241,"10^6 А.ч","МЛН А.Ч",5,2
211,1,NULL,NULL,NULL,NULL,NULL,NULL,"Миллион киловольт-ампер",242,"10^6 кВ.А","МЛН КВ.А",5,2
212,1,NULL,NULL,NULL,NULL,NULL,NULL,"Киловольт-ампер реактивный",248,"кВ.А Р","КВ.А Р",5,2
213,1,NULL,NULL,NULL,NULL,NULL,NULL,"Миллиард киловатт-часов",249,"10^9 кВт.ч","МЛРД КВТ.Ч",5,2
214,1,NULL,NULL,NULL,NULL,NULL,NULL,"Тысяча киловольт-ампер реактивных",250,"10^3 кВ.А Р","ТЫС КВ.А Р",5,2
215,1,NULL,NULL,NULL,NULL,NULL,NULL,"Лошадиная сила",251,"л. с",ЛС,5,2
216,1,NULL,NULL,NULL,NULL,NULL,NULL,"Тысяча лошадиных сил",252,"10^3 л. с","ТЫС ЛС",5,2
217,1,NULL,NULL,NULL,NULL,NULL,NULL,"Миллион лошадиных сил",253,"10^6 л. с","МЛН ЛС",5,2
218,1,NULL,NULL,NULL,NULL,NULL,NULL,Бит,254,бит,БИТ,5,2
219,1,NULL,NULL,NULL,NULL,NULL,NULL,Байт,255,бай,БАЙТ,5,2
220,1,NULL,NULL,NULL,NULL,NULL,NULL,Килобайт,256,кбайт,КБАЙТ,5,2
221,1,NULL,NULL,NULL,NULL,NULL,NULL,Мегабайт,257,Мбайт,МБАЙТ,5,2
222,1,NULL,NULL,NULL,NULL,NULL,NULL,Бод,258,бод,БОД,5,2
223,1,NULL,NULL,NULL,NULL,NULL,NULL,Генри,287,Гн,ГН,5,2
224,1,NULL,NULL,NULL,NULL,NULL,NULL,Тесла,313,Тл,ТЛ,5,2
225,1,NULL,NULL,NULL,NULL,NULL,NULL,"Килограмм на квадратный сантиметр",317,кг/см^2,КГ/СМ2,5,2
226,1,NULL,NULL,NULL,NULL,NULL,NULL,"Миллиметр водяного столба",337,"мм вод. ст","ММ ВОД СТ",5,2
227,1,NULL,NULL,NULL,NULL,NULL,NULL,"Миллиметр ртутного столба",338,"мм рт. ст","ММ РТ СТ",5,2
228,1,NULL,NULL,NULL,NULL,NULL,NULL,"Сантиметр водяного столба",339,"см вод. ст","СМ ВОД СТ",5,2
229,1,NULL,NULL,NULL,NULL,NULL,NULL,Микросекунда,352,мкс,МКС,6,2
230,1,NULL,NULL,NULL,NULL,NULL,NULL,Миллисекунда,353,млс,МЛС,6,2
231,1,NULL,NULL,NULL,NULL,NULL,NULL,Рубль,383,руб,РУБ,7,2
232,1,NULL,NULL,NULL,NULL,NULL,NULL,"Тысяча рублей",384,"10^3 руб","ТЫС РУБ",7,2
233,1,NULL,NULL,NULL,NULL,NULL,NULL,"Миллион рублей",385,"10^6 руб","МЛН РУБ",7,2
234,1,NULL,NULL,NULL,NULL,NULL,NULL,"Миллиард рублей",386,"10^9 руб","МЛРД РУБ",7,2
235,1,NULL,NULL,NULL,NULL,NULL,NULL,"Триллион рублей",387,"10^12 руб","ТРИЛЛ РУБ",7,2
236,1,NULL,NULL,NULL,NULL,NULL,NULL,"Квадрильон рублей",388,"10^15 руб","КВАДР РУБ",7,2
237,1,NULL,NULL,NULL,NULL,NULL,NULL,Пассажиро-километр,414,пасс.км,ПАСС.КМ,7,2
238,1,NULL,NULL,NULL,NULL,NULL,NULL,"Пассажирское место (пассажирских мест)",421,"пасс. мест","ПАСС МЕСТ",7,2
239,1,NULL,NULL,NULL,NULL,NULL,NULL,"Тысяча пассажиро-километров",423,"10^3 пасс.км","ТЫС ПАСС.КМ",7,2
240,1,NULL,NULL,NULL,NULL,NULL,NULL,"Миллион пассажиро-километров",424,"10^6 пасс. км","МЛН ПАСС.КМ",7,2
241,1,NULL,NULL,NULL,NULL,NULL,NULL,Пассажиропоток,427,пасс.поток,ПАСС.ПОТОК,7,2
242,1,NULL,NULL,NULL,NULL,NULL,NULL,Тонно-километр,449,т.км,Т.КМ,7,2
243,1,NULL,NULL,NULL,NULL,NULL,NULL,"Тысяча тонно-километров",450,"10^3 т.км","ТЫС Т.КМ",7,2
244,1,NULL,NULL,NULL,NULL,NULL,NULL,"Миллион тонно-километров",451,"10^6 т. км","МЛН Т.КМ",7,2
245,1,NULL,NULL,NULL,NULL,NULL,NULL,"Тысяча наборов",479,"10^3 набор","ТЫС НАБОР",7,2
246,1,NULL,NULL,NULL,NULL,NULL,NULL,"Грамм на киловатт-час",510,г/кВт.ч,Г/КВТ.Ч,7,2
247,1,NULL,NULL,NULL,NULL,NULL,NULL,"Килограмм на гигакалорию",511,кг/Гкал,КГ/ГИГАКАЛ,7,2
248,1,NULL,NULL,NULL,NULL,NULL,NULL,Тонно-номер,512,т.ном,Т.НОМ,7,2
249,1,NULL,NULL,NULL,NULL,NULL,NULL,Автотонна,513,"авто т","АВТО Т",7,2
250,1,NULL,NULL,NULL,NULL,NULL,NULL,"Тонна тяги",514,т.тяги,"Т ТЯГИ",7,2
251,1,NULL,NULL,NULL,NULL,NULL,NULL,Дедвейт-тонна,515,дедвейт.т,ДЕДВЕЙТ.Т,7,2
252,1,NULL,NULL,NULL,NULL,NULL,NULL,Тонно-танид,516,т.танид,Т.ТАНИД,7,2
253,1,NULL,NULL,NULL,NULL,NULL,NULL,"Человек на квадратный метр",521,чел/м2,ЧЕЛ/М2,7,2
254,1,NULL,NULL,NULL,NULL,NULL,NULL,"Человек на квадратный километр",522,чел/км2,ЧЕЛ/КМ2,7,2
255,1,NULL,NULL,NULL,NULL,NULL,NULL,"Тонна в час",534,т/ч,Т/Ч,7,2
256,1,NULL,NULL,NULL,NULL,NULL,NULL,"Тонна в сутки",535,т/сут,Т/СУТ,7,2
257,1,NULL,NULL,NULL,NULL,NULL,NULL,"Тонна в смену",536,т/смен,Т/СМЕН,7,2
258,1,NULL,NULL,NULL,NULL,NULL,NULL,"Тысяча тонн в сезон",537,"10^3 т/сез","ТЫС Т/СЕЗ",7,2
259,1,NULL,NULL,NULL,NULL,NULL,NULL,"Тысяча тонн в год",538,"10^3 т/год","ТЫС Т/ГОД",7,2
260,1,NULL,NULL,NULL,NULL,NULL,NULL,Человеко-час,539,чел.ч,ЧЕЛ.Ч,7,2
261,1,NULL,NULL,NULL,NULL,NULL,NULL,Человеко-день,540,чел.дн,ЧЕЛ.ДН,7,2
262,1,NULL,NULL,NULL,NULL,NULL,NULL,"Тысяча человеко-дней",541,"10^3 чел.дн","ТЫС ЧЕЛ.ДН",7,2
263,1,NULL,NULL,NULL,NULL,NULL,NULL,"Тысяча человеко-часов",542,"10^3 чел.ч","ТЫС ЧЕЛ.Ч",7,2
264,1,NULL,NULL,NULL,NULL,NULL,NULL,"Тысяча условных банок в смену",543,"10^3 усл. банк/ смен","ТЫС УСЛ БАНК/СМЕН",7,2
265,1,NULL,NULL,NULL,NULL,NULL,NULL,"Миллион единиц в год",544,"10^6 ед/год","МЛН ЕД/ГОД",7,2
266,1,NULL,NULL,NULL,NULL,NULL,NULL,"Посещение в смену",545,посещ/смен,ПОСЕЩ/СМЕН,7,2
267,1,NULL,NULL,NULL,NULL,NULL,NULL,"Тысяча посещений в смену",546,"10^3 посещ/смен","ТЫС ПОСЕЩ/ СМЕН",7,2
268,1,NULL,NULL,NULL,NULL,NULL,NULL,"Пара в смену",547,пар/смен,ПАР/СМЕН,7,2
269,1,NULL,NULL,NULL,NULL,NULL,NULL,"Тысяча пар в смену",548,"10^3 пар/смен","ТЫС ПАР/СМЕН",7,2
270,1,NULL,NULL,NULL,NULL,NULL,NULL,"Миллион тонн в год",550,"10^6 т/год","МЛН Т/ГОД",7,2
271,1,NULL,NULL,NULL,NULL,NULL,NULL,"Тонна переработки в сутки",552,"т перераб/сут","Т ПЕРЕРАБ/СУТ",7,2
272,1,NULL,NULL,NULL,NULL,NULL,NULL,"Тысяча тонн переработки в сутки",553,"10^3 т перераб/ сут","ТЫС Т ПЕРЕРАБ/СУТ",7,2
273,1,NULL,NULL,NULL,NULL,NULL,NULL,"Центнер переработки в сутки",554,"ц перераб/сут","Ц ПЕРЕРАБ/СУТ",7,2
274,1,NULL,NULL,NULL,NULL,NULL,NULL,"Тысяча центнеров переработки в сутки",555,"10^3 ц перераб/ сут","ТЫС Ц ПЕРЕРАБ/СУТ",7,2
275,1,NULL,NULL,NULL,NULL,NULL,NULL,"Тысяча голов в год",556,"10^3 гол/год","ТЫС ГОЛ/ГОД",7,2
276,1,NULL,NULL,NULL,NULL,NULL,NULL,"Миллион голов в год",557,"10^6 гол/год","МЛН ГОЛ/ГОД",7,2
277,1,NULL,NULL,NULL,NULL,NULL,NULL,"Тысяча птицемест",558,"10^3 птицемест","ТЫС ПТИЦЕМЕСТ",7,2
278,1,NULL,NULL,NULL,NULL,NULL,NULL,"Тысяча кур-несушек",559,"10^3 кур. несуш","ТЫС КУР. НЕСУШ",7,2
279,1,NULL,NULL,NULL,NULL,NULL,NULL,"Минимальная заработная плата",560,"мин. заработн. плат","МИН ЗАРАБОТН ПЛАТ",7,2
280,1,NULL,NULL,NULL,NULL,NULL,NULL,"Тысяча тонн пара в час",561,"10^3 т пар/ч","ТЫС Т ПАР/Ч",7,2
281,1,NULL,NULL,NULL,NULL,NULL,NULL,"Тысяча прядильных веретен",562,"10^3 пряд.верет","ТЫС ПРЯД ВЕРЕТ",7,2
282,1,NULL,NULL,NULL,NULL,NULL,NULL,"Тысяча прядильных мест",563,"10^3 пряд.мест","ТЫС ПРЯД МЕСТ",7,2
283,1,NULL,NULL,NULL,NULL,NULL,NULL,Доза,639,доз,ДОЗ,7,2
284,1,NULL,NULL,NULL,NULL,NULL,NULL,"Тысяча доз",640,"10^3 доз","ТЫС ДОЗ",7,2
285,1,NULL,NULL,NULL,NULL,NULL,NULL,Единица,642,ед,ЕД,7,2
286,1,NULL,NULL,NULL,NULL,NULL,NULL,"Тысяча единиц",643,"10^3 ед","ТЫС ЕД",7,2
287,1,NULL,NULL,NULL,NULL,NULL,NULL,"Миллион единиц",644,"10^6 ед","МЛН ЕД",7,2
288,1,NULL,NULL,NULL,NULL,NULL,NULL,Канал,661,канал,КАНАЛ,7,2
289,1,NULL,NULL,NULL,NULL,NULL,NULL,"Тысяча комплектов",673,"10^3 компл","ТЫС КОМПЛ",7,2
290,1,NULL,NULL,NULL,NULL,NULL,NULL,Место,698,мест,МЕСТ,7,2
291,1,NULL,NULL,NULL,NULL,NULL,NULL,"Тысяча мест",699,"10^3 мест","ТЫС МЕСТ",7,2
292,1,NULL,NULL,NULL,NULL,NULL,NULL,"Тысяча номеров",709,"10^3 ном","ТЫС НОМ",7,2
293,1,NULL,NULL,NULL,NULL,NULL,NULL,"Тысяча гектаров порций",724,"10^3 га порц","ТЫС ГА ПОРЦ",7,2
294,1,NULL,NULL,NULL,NULL,NULL,NULL,"Тысяча пачек",729,"10^3 пач","ТЫС ПАЧ",7,2
295,1,NULL,NULL,NULL,NULL,NULL,NULL,Процент,744,%,ПРОЦ,7,2
296,1,NULL,NULL,NULL,NULL,NULL,NULL,"Промилле (0,1 процента)",746,промилле,ПРОМИЛЛЕ,7,2
297,1,NULL,NULL,NULL,NULL,NULL,NULL,"Тысяча рулонов",751,"10^3 рул","ТЫС РУЛ",7,2
298,1,NULL,NULL,NULL,NULL,NULL,NULL,"Тысяча станов",761,"10^3 стан","ТЫС СТАН",7,2
299,1,NULL,NULL,NULL,NULL,NULL,NULL,Станция,762,станц,СТАНЦ,7,2
300,1,NULL,NULL,NULL,NULL,NULL,NULL,"Тысяча тюбиков",775,"10^3 тюбик","ТЫС ТЮБИК",7,2
301,1,NULL,NULL,NULL,NULL,NULL,NULL,"Тысяча условных тубов",776,"10^3 усл.туб","ТЫС УСЛ ТУБ",7,2
302,1,NULL,NULL,NULL,NULL,NULL,NULL,"Миллион упаковок",779,"10^6 упак","МЛН УПАК",7,2
303,1,NULL,NULL,NULL,NULL,NULL,NULL,"Тысяча упаковок",782,"10^3 упак","ТЫС УПАК",7,2
304,1,NULL,NULL,NULL,NULL,NULL,NULL,Человек,792,чел,ЧЕЛ,7,2
305,1,NULL,NULL,NULL,NULL,NULL,NULL,"Тысяча человек",793,"10^3 чел","ТЫС ЧЕЛ",7,2
306,1,NULL,NULL,NULL,NULL,NULL,NULL,"Миллион человек",794,"10^6 чел","МЛН ЧЕЛ",7,2
307,1,NULL,NULL,NULL,NULL,NULL,NULL,"Миллион экземпляров",808,"10^6 экз","МЛН ЭКЗ",7,2
308,1,NULL,NULL,NULL,NULL,NULL,NULL,Ячейка,810,яч,ЯЧ,7,2
309,1,NULL,NULL,NULL,NULL,NULL,NULL,Ящик,812,ящ,ЯЩ,7,2
310,1,NULL,NULL,NULL,NULL,NULL,NULL,Голова,836,гол,ГОЛ,7,2
311,1,NULL,NULL,NULL,NULL,NULL,NULL,"Тысяча пар",837,"10^3 пар","ТЫС ПАР",7,2
312,1,NULL,NULL,NULL,NULL,NULL,NULL,"Миллион пар",838,"10^6 пар","МЛН ПАР",7,2
313,1,NULL,NULL,NULL,NULL,NULL,NULL,Комплект,839,компл,КОМПЛ,7,2
314,1,NULL,NULL,NULL,NULL,NULL,NULL,Секция,840,секц,СЕКЦ,7,2
315,1,NULL,NULL,NULL,NULL,NULL,NULL,Бутылка,868,бут,БУТ,7,2
316,1,NULL,NULL,NULL,NULL,NULL,NULL,"Тысяча бутылок",869,"10^3 бут","ТЫС БУТ",7,2
317,1,NULL,NULL,NULL,NULL,NULL,NULL,Ампула,870,ампул,АМПУЛ,7,2
318,1,NULL,NULL,NULL,NULL,NULL,NULL,"Тысяча ампул",871,"10^3 ампул","ТЫС АМПУЛ",7,2
319,1,NULL,NULL,NULL,NULL,NULL,NULL,Флакон,872,флак,ФЛАК,7,2
320,1,NULL,NULL,NULL,NULL,NULL,NULL,"Тысяча флаконов",873,"10^3 флак","ТЫС ФЛАК",7,2
321,1,NULL,NULL,NULL,NULL,NULL,NULL,"Тысяча тубов",874,"10^3 туб","ТЫС ТУБ",7,2
322,1,NULL,NULL,NULL,NULL,NULL,NULL,"Тысяча коробок",875,"10^3 кор","ТЫС КОР",7,2
323,1,NULL,NULL,NULL,NULL,NULL,NULL,"Условная единица",876,"усл. ед","УСЛ ЕД",7,2
324,1,NULL,NULL,NULL,NULL,NULL,NULL,"Тысяча условных единиц",877,"10^3 усл. ед","ТЫС УСЛ ЕД",7,2
325,1,NULL,NULL,NULL,NULL,NULL,NULL,"Миллион условных единиц",878,"10^6 усл. ед","МЛН УСЛ ЕД",7,2
326,1,NULL,NULL,NULL,NULL,NULL,NULL,"Условная штука",879,"усл. шт","УСЛ ШТ",7,2
327,1,NULL,NULL,NULL,NULL,NULL,NULL,"Тысяча условных штук",880,"10^3 усл. шт","ТЫС УСЛ ШТ",7,2
328,1,NULL,NULL,NULL,NULL,NULL,NULL,"Условная банка",881,"усл. банк","УСЛ БАНК",7,2
329,1,NULL,NULL,NULL,NULL,NULL,NULL,"Тысяча условных банок",882,"10^3 усл. банк","ТЫС УСЛ БАНК",7,2
330,1,NULL,NULL,NULL,NULL,NULL,NULL,"Миллион условных банок",883,"10^6 усл. банк","МЛН УСЛ БАНК",7,2
331,1,NULL,NULL,NULL,NULL,NULL,NULL,"Условный кусок",884,"усл. кус","УСЛ КУС",7,2
332,1,NULL,NULL,NULL,NULL,NULL,NULL,"Тысяча условных кусков",885,"10^3 усл. кус","ТЫС УСЛ КУС",7,2
333,1,NULL,NULL,NULL,NULL,NULL,NULL,"Миллион условных кусков",886,"10^6 усл. кус","МЛН УСЛ КУС",7,2
334,1,NULL,NULL,NULL,NULL,NULL,NULL,"Условный ящик",887,"усл. ящ","УСЛ ЯЩ",7,2
335,1,NULL,NULL,NULL,NULL,NULL,NULL,"Тысяча условных ящиков",888,"10^3 усл. ящ","ТЫС УСЛ ЯЩ",7,2
336,1,NULL,NULL,NULL,NULL,NULL,NULL,"Условная катушка",889,"усл. кат","УСЛ КАТ",7,2
337,1,NULL,NULL,NULL,NULL,NULL,NULL,"Тысяча условных катушек",890,"10^3 усл. кат","ТЫС УСЛ КАТ",7,2
338,1,NULL,NULL,NULL,NULL,NULL,NULL,"Условная плитка",891,"усл. плит","УСЛ ПЛИТ",7,2
339,1,NULL,NULL,NULL,NULL,NULL,NULL,"Тысяча условных плиток",892,"10^3 усл. плит","ТЫС УСЛ ПЛИТ",7,2
340,1,NULL,NULL,NULL,NULL,NULL,NULL,"Условный кирпич",893,"усл. кирп","УСЛ КИРП",7,2
341,1,NULL,NULL,NULL,NULL,NULL,NULL,"Тысяча условных кирпичей",894,"10^3 усл. кирп","ТЫС УСЛ КИРП",7,2
342,1,NULL,NULL,NULL,NULL,NULL,NULL,"Миллион условных кирпичей",895,"10^6 усл. кирп","МЛН УСЛ КИРП",7,2
343,1,NULL,NULL,NULL,NULL,NULL,NULL,Семья,896,семей,СЕМЕЙ,7,2
344,1,NULL,NULL,NULL,NULL,NULL,NULL,"Тысяча семей",897,"10^3 семей","ТЫС СЕМЕЙ",7,2
345,1,NULL,NULL,NULL,NULL,NULL,NULL,"Миллион семей",898,"10^6 семей","МЛН СЕМЕЙ",7,2
346,1,NULL,NULL,NULL,NULL,NULL,NULL,Домохозяйство,899,домхоз,ДОМХОЗ,7,2
347,1,NULL,NULL,NULL,NULL,NULL,NULL,"Тысяча домохозяйств",900,"10^3 домхоз","ТЫС ДОМХОЗ",7,2
348,1,NULL,NULL,NULL,NULL,NULL,NULL,"Миллион домохозяйств",901,"10^6 домхоз","МЛН ДОМХОЗ",7,2
349,1,NULL,NULL,NULL,NULL,NULL,NULL,"Ученическое место",902,"учен. мест","УЧЕН МЕСТ",7,2
350,1,NULL,NULL,NULL,NULL,NULL,NULL,"Тысяча ученических мест",903,"10^3 учен. мест","ТЫС УЧЕН МЕСТ",7,2
351,1,NULL,NULL,NULL,NULL,NULL,NULL,"Рабочее место",904,"раб. мест","РАБ МЕСТ",7,2
352,1,NULL,NULL,NULL,NULL,NULL,NULL,"Тысяча рабочих мест",905,"10^3 раб. мест","ТЫС РАБ МЕСТ",7,2
353,1,NULL,NULL,NULL,NULL,NULL,NULL,"Посадочное место",906,"посад. мест","ПОСАД МЕСТ",7,2
354,1,NULL,NULL,NULL,NULL,NULL,NULL,"Тысяча посадочных мест",907,"10^3 посад. мест","ТЫС ПОСАД МЕСТ",7,2
355,1,NULL,NULL,NULL,NULL,NULL,NULL,Номер,908,ном,НОМ,7,2
356,1,NULL,NULL,NULL,NULL,NULL,NULL,Квартира,909,кварт,КВАРТ,7,2
357,1,NULL,NULL,NULL,NULL,NULL,NULL,"Тысяча квартир",910,"10^3 кварт","ТЫС КВАРТ",7,2
358,1,NULL,NULL,NULL,NULL,NULL,NULL,Койка,911,коек,КОЕК,7,2
359,1,NULL,NULL,NULL,NULL,NULL,NULL,"Тысяча коек",912,"10^3 коек","ТЫС КОЕК",7,2
360,1,NULL,NULL,NULL,NULL,NULL,NULL,"Том книжного фонда",913,"том книжн. фонд","ТОМ КНИЖН ФОНД",7,2
361,1,NULL,NULL,NULL,NULL,NULL,NULL,"Тысяча томов книжного фонда",914,"10^3 том. книжн. фонд","ТЫС ТОМ КНИЖН ФОНД",7,2
362,1,NULL,NULL,NULL,NULL,NULL,NULL,"Условный ремонт",915,"усл. рем","УСЛ РЕМ",7,2
363,1,NULL,NULL,NULL,NULL,NULL,NULL,"Условный ремонт в год",916,"усл. рем/год","УСЛ РЕМ/ГОД",7,2
364,1,NULL,NULL,NULL,NULL,NULL,NULL,Смена,917,смен,СМЕН,7,2
365,1,NULL,NULL,NULL,NULL,NULL,NULL,"Лист авторский",918,"л. авт","ЛИСТ АВТ",7,2
366,1,NULL,NULL,NULL,NULL,NULL,NULL,"Лист печатный",920,"л. печ","ЛИСТ ПЕЧ",7,2
367,1,NULL,NULL,NULL,NULL,NULL,NULL,"Лист учетно-издательский",921,"л. уч.-изд","ЛИСТ УЧ.ИЗД",7,2
368,1,NULL,NULL,NULL,NULL,NULL,NULL,Знак,922,знак,ЗНАК,7,2
369,1,NULL,NULL,NULL,NULL,NULL,NULL,Слово,923,слово,СЛОВО,7,2
370,1,NULL,NULL,NULL,NULL,NULL,NULL,Символ,924,символ,СИМВОЛ,7,2
371,1,NULL,NULL,NULL,NULL,NULL,NULL,"Условная труба",925,"усл. труб","УСЛ ТРУБ",7,2
372,1,NULL,NULL,NULL,NULL,NULL,NULL,"Тысяча пластин",930,"10^3 пласт","ТЫС ПЛАСТ",7,2
373,1,NULL,NULL,NULL,NULL,NULL,NULL,"Миллион доз",937,"10^6 доз","МЛН ДОЗ",7,2
374,1,NULL,NULL,NULL,NULL,NULL,NULL,"Миллион листов-оттисков",949,"10^6 лист.оттиск","МЛН ЛИСТ.ОТТИСК",7,2
375,1,NULL,NULL,NULL,NULL,NULL,NULL,Вагоно(машино)-день,950,"ваг (маш).дн","ВАГ (МАШ).ДН",7,2
376,1,NULL,NULL,NULL,NULL,NULL,NULL,"Тысяча вагоно-(машино)-часов",951,"10^3 ваг (маш).ч","ТЫС ВАГ (МАШ).Ч",7,2
377,1,NULL,NULL,NULL,NULL,NULL,NULL,"Тысяча вагоно-(машино)-километров",952,"10^3 ваг (маш).км","ТЫС ВАГ (МАШ).КМ",7,2
378,1,NULL,NULL,NULL,NULL,NULL,NULL,"Тысяча место-километров",953,"10 ^3мест.км","ТЫС МЕСТ.КМ",7,2
379,1,NULL,NULL,NULL,NULL,NULL,NULL,Вагоно-сутки,954,ваг.сут,ВАГ.СУТ,7,2
380,1,NULL,NULL,NULL,NULL,NULL,NULL,"Тысяча поездо-часов",955,"10^3 поезд.ч","ТЫС ПОЕЗД.Ч",7,2
381,1,NULL,NULL,NULL,NULL,NULL,NULL,"Тысяча поездо-километров",956,"10^3 поезд.км","ТЫС ПОЕЗД.КМ",7,2
382,1,NULL,NULL,NULL,NULL,NULL,NULL,"Тысяча тонно-миль",957,"10^3 т.миль","ТЫС Т.МИЛЬ",7,2
383,1,NULL,NULL,NULL,NULL,NULL,NULL,"Тысяча пассажиро-миль",958,"10^3 пасс.миль","ТЫС ПАСС.МИЛЬ",7,2
384,1,NULL,NULL,NULL,NULL,NULL,NULL,Автомобиле-день,959,автомоб.дн,АВТОМОБ.ДН,7,2
385,1,NULL,NULL,NULL,NULL,NULL,NULL,"Тысяча автомобиле-тонно-дней",960,"10^3 автомоб.т.дн","ТЫС АВТОМОБ.Т.ДН",7,2
386,1,NULL,NULL,NULL,NULL,NULL,NULL,"Тысяча автомобиле-часов",961,"10^3 автомоб.ч","ТЫС АВТОМОБ.Ч",7,2
387,1,NULL,NULL,NULL,NULL,NULL,NULL,"Тысяча автомобиле-место-дней",962,"10^3 автомоб.мест. дн","ТЫС АВТОМОБ.МЕСТ. ДН",7,2
388,1,NULL,NULL,NULL,NULL,NULL,NULL,"Приведенный час",963,привед.ч,ПРИВЕД.Ч,7,2
389,1,NULL,NULL,NULL,NULL,NULL,NULL,Самолето-километр,964,самолет.км,САМОЛЕТ.КМ,7,2
390,1,NULL,NULL,NULL,NULL,NULL,NULL,"Тысяча километров",965,"10^3 км","ТЫС КМ",7,2
391,1,NULL,NULL,NULL,NULL,NULL,NULL,"Тысяча тоннаже-рейсов",966,"10^3 тоннаж. рейс","ТЫС ТОННАЖ. РЕЙС",7,2
392,1,NULL,NULL,NULL,NULL,NULL,NULL,"Миллион тонно-миль",967,"10^6 т. миль","МЛН Т. МИЛЬ",7,2
393,1,NULL,NULL,NULL,NULL,NULL,NULL,"Миллион пассажиро-миль",968,"10^6 пасс. миль","МЛН ПАСС. МИЛЬ",7,2
394,1,NULL,NULL,NULL,NULL,NULL,NULL,"Миллион тоннаже-миль",969,"10^6 тоннаж. миль","МЛН ТОННАЖ. МИЛЬ",7,2
395,1,NULL,NULL,NULL,NULL,NULL,NULL,"Миллион пассажиро-место-миль",970,"10^6 пасс. мест. миль","МЛН ПАСС. МЕСТ. МИЛЬ",7,2
396,1,NULL,NULL,NULL,NULL,NULL,NULL,Кормо-день,971,"корм. дн","КОРМ. ДН",7,2
397,1,NULL,NULL,NULL,NULL,NULL,NULL,"Центнер кормовых единиц",972,"ц корм ед","Ц КОРМ ЕД",7,2
398,1,NULL,NULL,NULL,NULL,NULL,NULL,"Тысяча автомобиле-километров",973,"10^3 автомоб. км","ТЫС АВТОМОБ. КМ",7,2
399,1,NULL,NULL,NULL,NULL,NULL,NULL,"Тысяча тоннаже-сут",974,"10^3 тоннаж. сут","ТЫС ТОННАЖ. СУТ",7,2
400,1,NULL,NULL,NULL,NULL,NULL,NULL,Суго-сутки,975,"суго. сут.","СУГО. СУТ",7,2
401,1,NULL,NULL,NULL,NULL,NULL,NULL,"Штук в 20-футовом эквиваленте (ДФЭ)",976,"штук в 20-футовом эквиваленте","ШТ В 20 ФУТ ЭКВИВ",7,2
402,1,NULL,NULL,NULL,NULL,NULL,NULL,Канало-километр,977,"канал. км","КАНАЛ. КМ",7,2
403,1,NULL,NULL,NULL,NULL,NULL,NULL,Канало-концы,978,"канал. конц","КАНАЛ. КОНЦ",7,2
404,1,NULL,NULL,NULL,NULL,NULL,NULL,"Тысяча экземпляров",979,"10^3 экз","ТЫС ЭКЗ",7,2
405,1,NULL,NULL,NULL,NULL,NULL,NULL,"Тысяча долларов",980,"10^3 доллар","ТЫС ДОЛЛАР",7,2
406,1,NULL,NULL,NULL,NULL,NULL,NULL,"Тысяча тонн кормовых единиц",981,"10^3 корм ед","ТЫС Т КОРМ ЕД",7,2
407,1,NULL,NULL,NULL,NULL,NULL,NULL,"Миллион тонн кормовых единиц",982,"10^6 корм ед","МЛН Т КОРМ ЕД",7,2
408,1,NULL,NULL,NULL,NULL,NULL,NULL,Судо-сутки,983,суд.сут,СУД.СУТ,7,2
409,1,NULL,NULL,NULL,NULL,hm,HMT,Гектометр,017,NULL,NULL,1,3
410,1,NULL,NULL,NULL,NULL,mile,SMI,"Миля (уставная) (1609,344 м)",045,NULL,NULL,1,3
411,1,NULL,NULL,NULL,NULL,acre,ACR,"Акр (4840 квадратных ярдов)",077,NULL,NULL,2,3
412,1,NULL,NULL,NULL,NULL,mile2,MIK,"Квадратная миля",079,NULL,NULL,2,3
413,1,NULL,NULL,NULL,NULL,"fl oz (UK)",OZI,"Жидкостная унция СК (28,413 см3)",135,NULL,NULL,3,3
414,1,NULL,NULL,NULL,NULL,"gill (UK)",GII,"Джилл СК (0,142065 дм3)",136,NULL,NULL,3,3
415,1,NULL,NULL,NULL,NULL,"pt (UK)",PTI,"Пинта СК (0,568262 дм3)",137,NULL,NULL,3,3
416,1,NULL,NULL,NULL,NULL,"qt (UK)",QTI,"Кварта СК (1,136523 дм3)",138,NULL,NULL,3,3
417,1,NULL,NULL,NULL,NULL,"gal (UK)",GLI,"Галлон СК (4,546092 дм3)",139,NULL,NULL,3,3
418,1,NULL,NULL,NULL,NULL,"bu (UK)",BUI,"Бушель СК (36,36874 дм3)",140,NULL,NULL,3,3
419,1,NULL,NULL,NULL,NULL,"fl oz (US)",OZA,"Жидкостная унция США (29,5735 см3)",141,NULL,NULL,3,3
420,1,NULL,NULL,NULL,NULL,"gill (US)",GIA,"Джилл США (11,8294 см3)",142,NULL,NULL,3,3
421,1,NULL,NULL,NULL,NULL,"liq pt (US)",PTL,"Жидкостная пинта США (0,473176 дм3)",143,NULL,NULL,3,3
422,1,NULL,NULL,NULL,NULL,"liq qt (US)",QTL,"Жидкостная кварта США (0,946353 дм3)",144,NULL,NULL,3,3
423,1,NULL,NULL,NULL,NULL,"gal (US)",GLL,"Жидкостный галлон США (3,78541 дм3)",145,NULL,NULL,3,3
424,1,NULL,NULL,NULL,NULL,"barrel (US)",BLL,"Баррель (нефтяной) США (158,987 дм3)",146,NULL,NULL,3,3
425,1,NULL,NULL,NULL,NULL,"dry pt (US)",PTD,"Сухая пинта США (0,55061 дм3)",147,NULL,NULL,3,3
426,1,NULL,NULL,NULL,NULL,"dry qt (US)",QTD,"Сухая кварта США (1,101221 дм3)",148,NULL,NULL,3,3
427,1,NULL,NULL,NULL,NULL,"dry gal (US)",GLD,"Сухой галлон США (4,404884 дм3)",149,NULL,NULL,3,3
428,1,NULL,NULL,NULL,NULL,"bu (US)",BUA,"Бушель США (35,2391 дм3)",150,NULL,NULL,3,3
429,1,NULL,NULL,NULL,NULL,"bbl (US)",BLD,"Сухой баррель США (115,627 дм3)",151,NULL,NULL,3,3
430,1,NULL,NULL,NULL,NULL,-,WSD,Стандарт,152,NULL,NULL,3,3
431,1,NULL,NULL,NULL,NULL,-,WCD,"Корд (3,63 м3)",153,NULL,NULL,3,3
432,1,NULL,NULL,NULL,NULL,-,MBF,"Тысячи бордфутов (2,36 м3)",154,NULL,NULL,3,3
433,1,NULL,NULL,NULL,NULL,-,NTT,"Нетто-регистровая тонна",182,NULL,NULL,4,3
434,1,NULL,NULL,NULL,NULL,-,SHT,"Обмерная (фрахтовая) тонна",183,NULL,NULL,4,3
435,1,NULL,NULL,NULL,NULL,-,DPT,Водоизмещение,184,NULL,NULL,4,3
436,1,NULL,NULL,NULL,NULL,lb,LBR,"Фунт СК, США (0,45359237 кг)",186,NULL,NULL,4,3
437,1,NULL,NULL,NULL,NULL,oz,ONZ,"Унция СК, США (28,349523 г)",187,NULL,NULL,4,3
438,1,NULL,NULL,NULL,NULL,dr,DRI,"Драхма СК (1,771745 г)",188,NULL,NULL,4,3
439,1,NULL,NULL,NULL,NULL,gn,GRN,"Гран СК, США (64,798910 мг)",189,NULL,NULL,4,3
440,1,NULL,NULL,NULL,NULL,st,STI,"Стоун СК (6,350293 кг)",190,NULL,NULL,4,3
441,1,NULL,NULL,NULL,NULL,qtr,QTR,"Квартер СК (12,700586 кг)",191,NULL,NULL,4,3
442,1,NULL,NULL,NULL,NULL,-,CNT,"Центал СК (45,359237 кг)",192,NULL,NULL,4,3
443,1,NULL,NULL,NULL,NULL,cwt,CWA,"Центнер США (45,3592 кг)",193,NULL,NULL,4,3
444,1,NULL,NULL,NULL,NULL,"cwt (UK)",CWI,"Длинный центнер СК (50,802345 кг)",194,NULL,NULL,4,3
445,1,NULL,NULL,NULL,NULL,sht,STN,"Короткая тонна СК, США (0,90718474 т) [2*]",195,NULL,NULL,4,3
446,1,NULL,NULL,NULL,NULL,lt,LTN,"Длинная тонна СК, США (1,0160469 т) [2*]",196,NULL,NULL,4,3
447,1,NULL,NULL,NULL,NULL,scr,SCR,"Скрупул СК, США (1,295982 г)",197,NULL,NULL,4,3
448,1,NULL,NULL,NULL,NULL,dwt,DWT,"Пеннивейт СК, США (1,555174 г)",198,NULL,NULL,4,3
449,1,NULL,NULL,NULL,NULL,drm,DRM,"Драхма СК (3,887935 г)",199,NULL,NULL,4,3
450,1,NULL,NULL,NULL,NULL,-,DRA,"Драхма США (3,887935 г)",200,NULL,NULL,4,3
451,1,NULL,NULL,NULL,NULL,apoz,APZ,"Унция СК, США (31,10348 г, 1); тройская унция",201,NULL,NULL,4,3
452,1,NULL,NULL,NULL,NULL,-,LBT,"Тройский фунт США (373,242 г)",202,NULL,NULL,4,3
453,1,NULL,NULL,NULL,NULL,B.h.p.,BHP,"Эффективная мощность (245,7 ватт)",213,NULL,NULL,5,3
454,1,NULL,NULL,NULL,NULL,Btu,BTU,"Британская тепловая единица (1,055 кДж)",275,NULL,NULL,5,3
455,1,NULL,NULL,NULL,NULL,"gr; 144",GRO,"Гросс (144 шт.)",638,NULL,NULL,7,3
456,1,NULL,NULL,NULL,NULL,1728,GGR,"Большой гросс (12 гроссов)",731,NULL,NULL,7,3
457,1,NULL,NULL,NULL,NULL,-,SST,"Короткий стандарт (7200 единиц)",738,NULL,NULL,7,3
458,1,NULL,NULL,NULL,NULL,-,PGL,"Галлон спирта установленной крепости",835,NULL,NULL,7,3
459,1,NULL,NULL,NULL,NULL,-,NIU,"Международная единица",851,NULL,NULL,7,3
460,1,NULL,NULL,NULL,NULL,-,HIU,"Сто международных единиц",853,NULL,NULL,7,3
