engName1,engName2,rusName1,rusName2,name,numberCode,group.id,unit_type_id
mm,MMT,мм,ММ,Миллиметр,003,1,1
cm,CMT,см,СМ,Сантиметр,004,1,1
dm,DMT,дм,ДМ,Дециметр,005,1,1
m,MTR,м,М,Метр,006,1,1
km,KMT,"км; 10^3 м","КМ; ТЫС М","Километр; тысяча метров",008,1,1
Mm,MAM,"Мм; 10^6 м","МЕГАМ; МЛН М","Мегаметр; миллион метров",009,1,1
in,INH,дюйм,ДЮЙМ,"Дюйм (25,4 мм)",039,1,1
ft,FOT,фут,ФУТ,"Фут (0,3048 м)",041,1,1
yd,YRD,ярд,ЯРД,"Ярд (0,9144 м)",043,1,1
"n mile",NMI,миля,МИЛЬ,"Морская миля (1852 м)",047,1,1
mm2,MMK,мм2,ММ2,"Квадратный миллиметр",050,2,1
cm2,CMK,см2,СМ2,"Квадратный сантиметр",051,2,1
dm2,DMK,дм2,ДМ2,"Квадратный дециметр",053,2,1
m2,MTK,м2,М2,"Квадратный метр",055,2,1
daa,DAA,"10^3 м^2","ТЫС М2","Тысяча квадратных метров",058,2,1
ha,HAR,га,ГА,Гектар,059,2,1
km2,KMK,км2,КМ2,"Квадратный километр",061,2,1
in2,INK,дюйм2,ДЮЙМ2,"Квадратный дюйм (645,16 мм2)",071,2,1
ft2,FTK,фут2,ФУТ2,"Квадратный фут (0,092903 м2)",073,2,1
yd2,YDK,ярд2,ЯРД2,"Квадратный ярд (0,8361274 м2)",075,2,1
a,ARE,а,АР,"Ар (100 м2)",109,2,1
mm3,MMQ,мм3,ММ3,"Кубический миллиметр",110,3,1
"cm3; ml","CMQ; MLT","см3; мл","СМ3; МЛ","Кубический сантиметр; миллилитр",111,3,1
"I; L; dm^3","LTR; DMQ","л; дм3","Л; ДМ3","Литр; кубический дециметр",112,3,1
m3,MTQ,м3,М3,"Кубический метр",113,3,1
dl,DLT,дл,ДЛ,Децилитр,118,3,1
hl,HLT,гл,ГЛ,Гектолитр,122,3,1
Ml,MAL,Мл,МЕГАЛ,Мегалитр,126,3,1
in3,INQ,дюйм3,ДЮЙМ3,"Кубический дюйм (16387,1 мм3)",131,3,1
ft3,FTQ,фут3,ФУТ3,"Кубический фут (0,02831685 м3)",132,3,1
yd3,YDQ,ярд3,ЯРД3,"Кубический ярд (0,764555 м3)",133,3,1
"10^6 m3",HMQ,"10^6 м3","МЛН М3","Миллион кубических метров",159,3,1
hg,HGM,гг,ГГ,Гектограмм,160,4,1
mg,MGM,мг,МГ,Миллиграмм,161,4,1
МС,CTM,кар,КАР,"Метрический карат",162,4,1
g,GRM,г,Г,Грамм,163,4,1
kg,KGM,кг,КГ,Килограмм,166,4,1
t,TNE,т,Т,"Тонна; метрическая тонна (1000 кг)",168,4,1
kt,KTN,"10^3 т",КТ,Килотонна,170,4,1
cg,CGM,сг,СГ,Сантиграмм,173,4,1
-,GRT,БРТ,"БРУТТ. РЕГИСТР Т","Брутто-регистровая тонна (2,8316 м3)",181,4,1
-,CCT,"т грп","Т ГРУЗОПОД","Грузоподъемность в метрических тоннах",185,4,1
"q; 10^2 kg",DTN,ц,Ц,"Центнер (метрический) (100 кг, 1); гектокилограмм; квинтал1 (метрический, 1); децитонна",206,4,1
W,WTT,Вт,ВТ,Ватт,212,5,1
kW,KWT,кВт,КВТ,Киловатт,214,5,1
MW,MAW,"МВт; 10^3 кВт","МЕГАВТ; ТЫС КВТ","Мегаватт; тысяча киловатт",215,5,1
V,VLT,В,В,Вольт,222,5,1
kV,KVT,кВ,КВ,Киловольт,223,5,1
kV.A,KVA,кВ.А,КВ.А,Киловольт-ампер,227,5,1
MV.A,MVA,МВ.А,МЕГАВ.А,"Мегавольт-ампер (тысяча киловольт-ампер)",228,5,1
kVAR,KVR,квар,КВАР,Киловар,230,5,1
W.h,WHR,Вт.ч,ВТ.Ч,Ватт-час,243,5,1
kW.h,KWH,кВт.ч,КВТ.Ч,Киловатт-час,245,5,1
МW.h,MWH,"МВт.ч; 10^3 кВт.ч","МЕГАВТ.Ч; ТЫС КВТ.Ч","Мегаватт-час; 1000 киловатт-часов",246,5,1
GW.h,GWH,ГВт.ч,ГИГАВТ.Ч,"Гигаватт-час (миллион киловатт-часов)",247,5,1
A,AMP,А,А,Ампер,260,5,1
A.h,AMH,А.ч,А.Ч,"Ампер-час (3,6 кКл)",263,5,1
"10^3 A.h",TAH,"10^3 А.ч","ТЫС А.Ч","Тысяча ампер-часов",264,5,1
C,COU,Кл,КЛ,Кулон,270,5,1
J,JOU,Дж,ДЖ,Джоуль,271,5,1
kJ,KJO,кДж,КДЖ,Килоджоуль,273,5,1
<омега>,OHM,Ом,ОМ,Ом,274,5,1
"град. C",CEL,"град. C","ГРАД ЦЕЛЬС","Градус Цельсия",280,5,1
"град. F",FAN,"град. F","ГРАД ФАРЕНГ","Градус Фаренгейта",281,5,1
cd,CDL,кд,КД,Кандела,282,5,1
lx,LUX,лк,ЛК,Люкс,283,5,1
lm,LUM,лм,ЛМ,Люмен,284,5,1
K,KEL,K,К,Кельвин,288,5,1
N,NEW,Н,Н,Ньютон,289,5,1
Hz,HTZ,Гц,ГЦ,Герц,290,5,1
kHz,KHZ,кГц,КГЦ,Килогерц,291,5,1
MHz,MHZ,МГц,МЕГАГЦ,Мегагерц,292,5,1
Pa,PAL,Па,ПА,Паскаль,294,5,1
S,SIE,См,СИ,Сименс,296,5,1
kPa,KPA,кПа,КПА,Килопаскаль,297,5,1
MPa,MPA,МПа,МЕГАПА,Мегапаскаль,298,5,1
atm,ATM,атм,АТМ,"Физическая атмосфера (101325 Па)",300,5,1
at,ATT,ат,АТТ,"Техническая атмосфера (98066,5 Па)",301,5,1
GBq,GBQ,ГБк,ГИГАБК,Гигабеккерель,302,5,1
mCi,MCU,мКи,МКИ,Милликюри,304,5,1
Ci,CUR,Ки,КИ,Кюри,305,5,1
"g fissile isotopes",GFI,"г Д/И","Г ДЕЛЯЩ ИЗОТОП","Грамм делящихся изотопов",306,5,1
mbar,MBR,мб,МБАР,Миллибар,308,5,1
bar,BAR,бар,БАР,Бар,309,5,1
hbar,HBA,гб,ГБАР,Гектобар,310,5,1
kbar,KBA,кб,КБАР,Килобар,312,5,1
F,FAR,Ф,Ф,Фарад,314,5,1
kg/m3,KMQ,кг/м3,КГ/М3,"Килограмм на кубический метр",316,5,1
Bq,BQL,Бк,БК,Беккерель,323,5,1
Wb,WEB,Вб,ВБ,Вебер,324,5,1
kn,KNT,уз,УЗ,"Узел (миля/ч)",327,5,1
m/s,MTS,м/с,М/С,"Метр в секунду",328,5,1
r/s,RPS,об/с,ОБ/С,"Оборот в секунду",330,5,1
r/min,RPM,об/мин,ОБ/МИН,"Оборот в минуту",331,5,1
km/h,KMH,км/ч,КМ/Ч,"Километр в час",333,5,1
m/s2,MSK,м/с2,М/С2,"Метр на секунду в квадрате",335,5,1
C/kg,CKG,Кл/кг,КЛ/КГ,"Кулон на килограмм",349,5,1
s,SEC,с,С,Секунда,354,6,1
min,MIN,мин,МИН,Минута,355,6,1
h,HUR,ч,Ч,Час,356,6,1
d,DAY,"сут; дн","СУТ; ДН",Сутки,359,6,1
-,WEE,нед,НЕД,Неделя,360,6,1
-,DAD,дек,ДЕК,Декада,361,6,1
-,MON,мес,МЕС,Месяц,362,6,1
-,QAN,кварт,КВАРТ,Квартал,364,6,1
-,SAN,полгода,ПОЛГОД,Полугодие,365,6,1
a,ANN,"г; лет","ГОД; ЛЕТ",Год,366,6,1
-,DEC,деслет,ДЕСЛЕТ,Десятилетие,368,6,1
-,KGS,кг/с,КГ/С,"Килограмм в секунду",499,7,1
-,TSH,"т пар/ч","Т ПАР/Ч","Тонна пара в час",533,7,1
m3/s,MQS,м3/с,М3/С,"Кубический метр в секунду",596,7,1
m3/h,MQH,м3/ч,М3/Ч,"Кубический метр в час",598,7,1
-,TQD,"10^3 м3/сут","ТЫС М3/СУТ","Тысяча кубических метров в сутки",599,7,1
-,NBB,боб,БОБ,Бобина,616,7,1
-,LEF,л.,ЛИСТ,Лист,625,7,1
-,CLF,"100 л.","100 ЛИСТ","Сто листов",626,7,1
-,MBE,"тыс станд. усл. кирп","ТЫС СТАНД УСЛ КИРП","Тысяча стандартных условных кирпичей",630,7,1
"Doz; 12",DZN,дюжина,ДЮЖИНА,"Дюжина (12 шт.)",641,7,1
-,NAR,изд,ИЗД,Изделие,657,7,1
Hbx,HBX,"100 ящ.","100 ЯЩ","Сто ящиков",683,7,1
-,SET,набор,НАБОР,Набор,704,7,1
"pr; 2",NPR,пар,ПАР,"Пара (2 шт.)",715,7,1
20,SCO,20,"2 ДЕС","Два десятка",730,7,1
-,TPR,"10 пар","ДЕС ПАР","Десять пар",732,7,1
-,DPR,"дюжина пар","ДЮЖИНА ПАР","Дюжина пар",733,7,1
-,NPL,посыл,ПОСЫЛ,Посылка,734,7,1
-,NPT,часть,ЧАСТЬ,Часть,735,7,1
-,NPL,рул,РУЛ,Рулон,736,7,1
-,DRL,"дюжина рул","ДЮЖИНА РУЛ","Дюжина рулонов",737,7,1
-,DPC,"дюжина шт","ДЮЖИНА ШТ","Дюжина штук",740,7,1
CI,NCL,элем,ЭЛЕМ,Элемент,745,7,1
-,NMP,упак,УПАК,Упаковка,778,7,1
-,DZP,"дюжина упак","ДЮЖИНА УПАК","Дюжина упаковок",780,7,1
-,CNP,"100 упак","100 УПАК","Сто упаковок",781,7,1
"pc; 1","PCE; NMB",шт,ШТ,Штука,796,7,1
100,CEN,"100 шт","100 ШТ","Сто штук",797,7,1
1000,MIL,"тыс. шт; 1000 шт","ТЫС ШТ","Тысяча штук",798,7,1
10^6,MIO,"10^6 шт","МЛН ШТ","Миллион штук",799,7,1
10^9,MLD,"10^9 шт","МЛРД ШТ","Миллиард штук",800,7,1
10^12,BIL,"10^12 шт","БИЛЛ ШТ (ЕВР, 1); ТРИЛЛ ШТ","Биллион штук (Европа, 1); триллион штук",801,7,1
10^18,TRL,"10^18 шт","КВИНТ ШТ","Квинтильон штук (Европа)",802,7,1
"% mds",ASM,"креп. спирта по массе","КРЕП СПИРТ ПО МАССЕ","Крепость спирта по массе",820,7,1
"% vol",ASV,"креп. спирта по объему","КРЕП СПИРТ ПО ОБЪЕМ","Крепость спирта по объему",821,7,1
-,LPA,"л 100% спирта","Л ЧИСТ СПИРТ","Литр чистого (100%) спирта",831,7,1
-,HPA,"Гл 100% спирта","ГЛ ЧИСТ СПИРТ","Гектолитр чистого (100%) спирта",833,7,1
-,-,"кг H2О2","КГ ПЕРОКСИД ВОДОРОДА","Килограмм пероксида водорода",841,7,1
-,KSD,"кг 90% с/в","КГ 90 ПРОЦ СУХ ВЕЩ","Килограмм 90%-го сухого вещества",845,7,1
-,TSD,"т 90% с/в","Т 90 ПРОЦ СУХ ВЕЩ","Тонна 90%-го сухого вещества",847,7,1
-,KPO,"кг К2О","КГ ОКСИД КАЛИЯ","Килограмм оксида калия",852,7,1
-,KPH,"кг КОН","КГ ГИДРОКСИД КАЛИЯ","Килограмм гидроксида калия",859,7,1
-,KNI,"кг N","КГ АЗОТ","Килограмм азота",861,7,1
-,KSH,"кг NaOH","КГ ГИДРОКСИД НАТРИЯ","Килограмм гидроксида натрия",863,7,1
-,KPP,"кг Р2О5","КГ ПЯТИОКИСЬ ФОСФОРА","Килограмм пятиокиси фосфора",865,7,1
-,KUR,"кг U","КГ УРАН","Килограмм урана",867,7,1
,,"пог. м","ПОГ М","Погонный метр",018,1,2
,,"10^3 пог. м","ТЫС ПОГ М","Тысяча погонных метров",019,1,2
,,"усл. м","УСЛ М","Условный метр",020,1,2
,,"10^3 усл. м","ТЫС УСЛ М","Тысяча условных метров",048,1,2
,,"км усл. труб","КМ УСЛ ТРУБ","Километр условных труб",049,1,2
,,"10^3 дм2","ТЫС ДМ2","Тысяча квадратных дециметров",054,2,2
,,"10^6 дм2","МЛН ДМ2","Миллион квадратных дециметров",056,2,2
,,"10^6 м2","МЛН М2","Миллион квадратных метров",057,2,2
,,"10^3 га","ТЫС ГА","Тысяча гектаров",060,2,2
,,"усл. м2","УСЛ М2","Условный квадратный метр",062,2,2
,,"10^3 усл. м2","ТЫС УСЛ М2","Тысяча условных квадратных метров",063,2,2
,,"10^6 усл. м2","МЛН УСЛ М2","Миллион условных квадратных метров",064,2,2
,,"м2 общ. пл","М2 ОБЩ ПЛ","Квадратный метр общей площади",081,2,2
,,"10^3 м2 общ. пл","ТЫС М2 ОБЩ ПЛ","Тысяча квадратных метров общей площади",082,2,2
,,"10^6 м2 общ. пл","МЛН М2. ОБЩ ПЛ","Миллион квадратных метров общей площади",083,2,2
,,"м2 жил. пл","М2 ЖИЛ ПЛ","Квадратный метр жилой площади",084,2,2
,,"10^3 м2 жил. пл","ТЫС М2 ЖИЛ ПЛ","Тысяча квадратных метров жилой площади",085,2,2
,,"10^6 м2 жил. пл","МЛН М2 ЖИЛ ПЛ","Миллион квадратных метров жилой площади",086,2,2
,,"м2 уч. лаб. здан","М2 УЧ.ЛАБ ЗДАН","Квадратный метр учебно-лабораторных зданий",087,2,2
,,"10^3 м2 уч. лаб. здан","ТЫС М2 УЧ. ЛАБ ЗДАН","Тысяча квадратных метров учебно-лабораторных зданий",088,2,2
,,"10^6 м2 2 мм исч","МЛН М2 2ММ ИСЧ","Миллион квадратных метров в двухмиллиметровом исчислении",089,2,2
,,"10^3 м3","ТЫС М3","Тысяча кубических метров",114,3,2
,,"10^9 м3","МЛРД М3","Миллиард кубических метров",115,3,2
,,дкл,ДКЛ,Декалитр,116,3,2
,,"10^3 дкл","ТЫС ДКЛ","Тысяча декалитров",119,3,2
,,"10^6 дкл","МЛН ДКЛ","Миллион декалитров",120,3,2
,,"плотн. м3","ПЛОТН М3","Плотный кубический метр",121,3,2
,,"усл. м3","УСЛ М3","Условный кубический метр",123,3,2
,,"10^3 усл. м3","ТЫС УСЛ М3","Тысяча условных кубических метров",124,3,2
,,"10^6 м3 перераб. газа","МЛН М3 ПЕРЕРАБ ГАЗА","Миллион кубических метров переработки газа",125,3,2
,,"10^3 плотн. м3","ТЫС ПЛОТН М3","Тысяча плотных кубических метров",127,3,2
,,"10^3 пол. л","ТЫС ПОЛ Л","Тысяча полулитров",128,3,2
,,"10^6 пол. л","МЛН ПОЛ Л","Миллион полулитров",129,3,2
,,"10^3 л; 1000 л","ТЫС Л","Тысяча литров; 1000 литров",130,3,2
,,"10^3 кар","ТЫС КАР","Тысяча каратов метрических",165,4,2
,,"10^6 кар","МЛН КАР","Миллион каратов метрических",167,4,2
,,"10^3 т","ТЫС Т","Тысяча тонн",169,4,2
,,"10^6 т","МЛН Т","Миллион тонн",171,4,2
,,"т усл. топл","Т УСЛ ТОПЛ","Тонна условного топлива",172,4,2
,,"10^3 т усл. топл","ТЫС Т УСЛ ТОПЛ","Тысяча тонн условного топлива",175,4,2
,,"10^6 т усл. топл","МЛН Т УСЛ ТОПЛ","Миллион тонн условного топлива",176,4,2
,,"10^3 т единовр. хран","ТЫС Т ЕДИНОВР ХРАН","Тысяча тонн единовременного хранения",177,4,2
,,"10^3 т перераб","ТЫС Т ПЕРЕРАБ","Тысяча тонн переработки",178,4,2
,,"усл. т","УСЛ Т","Условная тонна",179,4,2
,,"10^3 ц","ТЫС Ц","Тысяча центнеров",207,4,2
,,В.А,В.А,Вольт-ампер,226,5,2
,,м/ч,М/Ч,"Метр в час",231,5,2
,,ккал,ККАЛ,Килокалория,232,5,2
,,Гкал,ГИГАКАЛ,Гигакалория,233,5,2
,,"10^3 Гкал","ТЫС ГИГАКАЛ","Тысяча гигакалорий",234,5,2
,,"10^6 Гкал","МЛН ГИГАКАЛ","Миллион гигакалорий",235,5,2
,,кал/ч,КАЛ/Ч,"Калория в час",236,5,2
,,ккал/ч,ККАЛ/Ч,"Килокалория в час",237,5,2
,,Гкал/ч,ГИГАКАЛ/Ч,"Гигакалория в час",238,5,2
,,"10^3 Гкал/ч","ТЫС ГИГАКАЛ/Ч","Тысяча гигакалорий в час",239,5,2
,,"10^6 А.ч","МЛН А.Ч","Миллион ампер-часов",241,5,2
,,"10^6 кВ.А","МЛН КВ.А","Миллион киловольт-ампер",242,5,2
,,"кВ.А Р","КВ.А Р","Киловольт-ампер реактивный",248,5,2
,,"10^9 кВт.ч","МЛРД КВТ.Ч","Миллиард киловатт-часов",249,5,2
,,"10^3 кВ.А Р","ТЫС КВ.А Р","Тысяча киловольт-ампер реактивных",250,5,2
,,"л. с",ЛС,"Лошадиная сила",251,5,2
,,"10^3 л. с","ТЫС ЛС","Тысяча лошадиных сил",252,5,2
,,"10^6 л. с","МЛН ЛС","Миллион лошадиных сил",253,5,2
,,бит,БИТ,Бит,254,5,2
,,бай,БАЙТ,Байт,255,5,2
,,кбайт,КБАЙТ,Килобайт,256,5,2
,,Мбайт,МБАЙТ,Мегабайт,257,5,2
,,бод,БОД,Бод,258,5,2
,,Гн,ГН,Генри,287,5,2
,,Тл,ТЛ,Тесла,313,5,2
,,кг/см^2,КГ/СМ2,"Килограмм на квадратный сантиметр",317,5,2
,,"мм вод. ст","ММ ВОД СТ","Миллиметр водяного столба",337,5,2
,,"мм рт. ст","ММ РТ СТ","Миллиметр ртутного столба",338,5,2
,,"см вод. ст","СМ ВОД СТ","Сантиметр водяного столба",339,5,2
,,мкс,МКС,Микросекунда,352,6,2
,,млс,МЛС,Миллисекунда,353,6,2
,,руб,РУБ,Рубль,383,7,2
,,"10^3 руб","ТЫС РУБ","Тысяча рублей",384,7,2
,,"10^6 руб","МЛН РУБ","Миллион рублей",385,7,2
,,"10^9 руб","МЛРД РУБ","Миллиард рублей",386,7,2
,,"10^12 руб","ТРИЛЛ РУБ","Триллион рублей",387,7,2
,,"10^15 руб","КВАДР РУБ","Квадрильон рублей",388,7,2
,,пасс.км,ПАСС.КМ,Пассажиро-километр,414,7,2
,,"пасс. мест","ПАСС МЕСТ","Пассажирское место (пассажирских мест)",421,7,2
,,"10^3 пасс.км","ТЫС ПАСС.КМ","Тысяча пассажиро-километров",423,7,2
,,"10^6 пасс. км","МЛН ПАСС.КМ","Миллион пассажиро-километров",424,7,2
,,пасс.поток,ПАСС.ПОТОК,Пассажиропоток,427,7,2
,,т.км,Т.КМ,Тонно-километр,449,7,2
,,"10^3 т.км","ТЫС Т.КМ","Тысяча тонно-километров",450,7,2
,,"10^6 т. км","МЛН Т.КМ","Миллион тонно-километров",451,7,2
,,"10^3 набор","ТЫС НАБОР","Тысяча наборов",479,7,2
,,г/кВт.ч,Г/КВТ.Ч,"Грамм на киловатт-час",510,7,2
,,кг/Гкал,КГ/ГИГАКАЛ,"Килограмм на гигакалорию",511,7,2
,,т.ном,Т.НОМ,Тонно-номер,512,7,2
,,"авто т","АВТО Т",Автотонна,513,7,2
,,т.тяги,"Т ТЯГИ","Тонна тяги",514,7,2
,,дедвейт.т,ДЕДВЕЙТ.Т,Дедвейт-тонна,515,7,2
,,т.танид,Т.ТАНИД,Тонно-танид,516,7,2
,,чел/м2,ЧЕЛ/М2,"Человек на квадратный метр",521,7,2
,,чел/км2,ЧЕЛ/КМ2,"Человек на квадратный километр",522,7,2
,,т/ч,Т/Ч,"Тонна в час",534,7,2
,,т/сут,Т/СУТ,"Тонна в сутки",535,7,2
,,т/смен,Т/СМЕН,"Тонна в смену",536,7,2
,,"10^3 т/сез","ТЫС Т/СЕЗ","Тысяча тонн в сезон",537,7,2
,,"10^3 т/год","ТЫС Т/ГОД","Тысяча тонн в год",538,7,2
,,чел.ч,ЧЕЛ.Ч,Человеко-час,539,7,2
,,чел.дн,ЧЕЛ.ДН,Человеко-день,540,7,2
,,"10^3 чел.дн","ТЫС ЧЕЛ.ДН","Тысяча человеко-дней",541,7,2
,,"10^3 чел.ч","ТЫС ЧЕЛ.Ч","Тысяча человеко-часов",542,7,2
,,"10^3 усл. банк/ смен","ТЫС УСЛ БАНК/СМЕН","Тысяча условных банок в смену",543,7,2
,,"10^6 ед/год","МЛН ЕД/ГОД","Миллион единиц в год",544,7,2
,,посещ/смен,ПОСЕЩ/СМЕН,"Посещение в смену",545,7,2
,,"10^3 посещ/смен","ТЫС ПОСЕЩ/ СМЕН","Тысяча посещений в смену",546,7,2
,,пар/смен,ПАР/СМЕН,"Пара в смену",547,7,2
,,"10^3 пар/смен","ТЫС ПАР/СМЕН","Тысяча пар в смену",548,7,2
,,"10^6 т/год","МЛН Т/ГОД","Миллион тонн в год",550,7,2
,,"т перераб/сут","Т ПЕРЕРАБ/СУТ","Тонна переработки в сутки",552,7,2
,,"10^3 т перераб/ сут","ТЫС Т ПЕРЕРАБ/СУТ","Тысяча тонн переработки в сутки",553,7,2
,,"ц перераб/сут","Ц ПЕРЕРАБ/СУТ","Центнер переработки в сутки",554,7,2
,,"10^3 ц перераб/ сут","ТЫС Ц ПЕРЕРАБ/СУТ","Тысяча центнеров переработки в сутки",555,7,2
,,"10^3 гол/год","ТЫС ГОЛ/ГОД","Тысяча голов в год",556,7,2
,,"10^6 гол/год","МЛН ГОЛ/ГОД","Миллион голов в год",557,7,2
,,"10^3 птицемест","ТЫС ПТИЦЕМЕСТ","Тысяча птицемест",558,7,2
,,"10^3 кур. несуш","ТЫС КУР. НЕСУШ","Тысяча кур-несушек",559,7,2
,,"мин. заработн. плат","МИН ЗАРАБОТН ПЛАТ","Минимальная заработная плата",560,7,2
,,"10^3 т пар/ч","ТЫС Т ПАР/Ч","Тысяча тонн пара в час",561,7,2
,,"10^3 пряд.верет","ТЫС ПРЯД ВЕРЕТ","Тысяча прядильных веретен",562,7,2
,,"10^3 пряд.мест","ТЫС ПРЯД МЕСТ","Тысяча прядильных мест",563,7,2
,,доз,ДОЗ,Доза,639,7,2
,,"10^3 доз","ТЫС ДОЗ","Тысяча доз",640,7,2
,,ед,ЕД,Единица,642,7,2
,,"10^3 ед","ТЫС ЕД","Тысяча единиц",643,7,2
,,"10^6 ед","МЛН ЕД","Миллион единиц",644,7,2
,,канал,КАНАЛ,Канал,661,7,2
,,"10^3 компл","ТЫС КОМПЛ","Тысяча комплектов",673,7,2
,,мест,МЕСТ,Место,698,7,2
,,"10^3 мест","ТЫС МЕСТ","Тысяча мест",699,7,2
,,"10^3 ном","ТЫС НОМ","Тысяча номеров",709,7,2
,,"10^3 га порц","ТЫС ГА ПОРЦ","Тысяча гектаров порций",724,7,2
,,"10^3 пач","ТЫС ПАЧ","Тысяча пачек",729,7,2
,,%,ПРОЦ,Процент,744,7,2
,,промилле,ПРОМИЛЛЕ,"Промилле (0,1 процента)",746,7,2
,,"10^3 рул","ТЫС РУЛ","Тысяча рулонов",751,7,2
,,"10^3 стан","ТЫС СТАН","Тысяча станов",761,7,2
,,станц,СТАНЦ,Станция,762,7,2
,,"10^3 тюбик","ТЫС ТЮБИК","Тысяча тюбиков",775,7,2
,,"10^3 усл.туб","ТЫС УСЛ ТУБ","Тысяча условных тубов",776,7,2
,,"10^6 упак","МЛН УПАК","Миллион упаковок",779,7,2
,,"10^3 упак","ТЫС УПАК","Тысяча упаковок",782,7,2
,,чел,ЧЕЛ,Человек,792,7,2
,,"10^3 чел","ТЫС ЧЕЛ","Тысяча человек",793,7,2
,,"10^6 чел","МЛН ЧЕЛ","Миллион человек",794,7,2
,,"10^6 экз","МЛН ЭКЗ","Миллион экземпляров",808,7,2
,,яч,ЯЧ,Ячейка,810,7,2
,,ящ,ЯЩ,Ящик,812,7,2
,,гол,ГОЛ,Голова,836,7,2
,,"10^3 пар","ТЫС ПАР","Тысяча пар",837,7,2
,,"10^6 пар","МЛН ПАР","Миллион пар",838,7,2
,,компл,КОМПЛ,Комплект,839,7,2
,,секц,СЕКЦ,Секция,840,7,2
,,бут,БУТ,Бутылка,868,7,2
,,"10^3 бут","ТЫС БУТ","Тысяча бутылок",869,7,2
,,ампул,АМПУЛ,Ампула,870,7,2
,,"10^3 ампул","ТЫС АМПУЛ","Тысяча ампул",871,7,2
,,флак,ФЛАК,Флакон,872,7,2
,,"10^3 флак","ТЫС ФЛАК","Тысяча флаконов",873,7,2
,,"10^3 туб","ТЫС ТУБ","Тысяча тубов",874,7,2
,,"10^3 кор","ТЫС КОР","Тысяча коробок",875,7,2
,,"усл. ед","УСЛ ЕД","Условная единица",876,7,2
,,"10^3 усл. ед","ТЫС УСЛ ЕД","Тысяча условных единиц",877,7,2
,,"10^6 усл. ед","МЛН УСЛ ЕД","Миллион условных единиц",878,7,2
,,"усл. шт","УСЛ ШТ","Условная штука",879,7,2
,,"10^3 усл. шт","ТЫС УСЛ ШТ","Тысяча условных штук",880,7,2
,,"усл. банк","УСЛ БАНК","Условная банка",881,7,2
,,"10^3 усл. банк","ТЫС УСЛ БАНК","Тысяча условных банок",882,7,2
,,"10^6 усл. банк","МЛН УСЛ БАНК","Миллион условных банок",883,7,2
,,"усл. кус","УСЛ КУС","Условный кусок",884,7,2
,,"10^3 усл. кус","ТЫС УСЛ КУС","Тысяча условных кусков",885,7,2
,,"10^6 усл. кус","МЛН УСЛ КУС","Миллион условных кусков",886,7,2
,,"усл. ящ","УСЛ ЯЩ","Условный ящик",887,7,2
,,"10^3 усл. ящ","ТЫС УСЛ ЯЩ","Тысяча условных ящиков",888,7,2
,,"усл. кат","УСЛ КАТ","Условная катушка",889,7,2
,,"10^3 усл. кат","ТЫС УСЛ КАТ","Тысяча условных катушек",890,7,2
,,"усл. плит","УСЛ ПЛИТ","Условная плитка",891,7,2
,,"10^3 усл. плит","ТЫС УСЛ ПЛИТ","Тысяча условных плиток",892,7,2
,,"усл. кирп","УСЛ КИРП","Условный кирпич",893,7,2
,,"10^3 усл. кирп","ТЫС УСЛ КИРП","Тысяча условных кирпичей",894,7,2
,,"10^6 усл. кирп","МЛН УСЛ КИРП","Миллион условных кирпичей",895,7,2
,,семей,СЕМЕЙ,Семья,896,7,2
,,"10^3 семей","ТЫС СЕМЕЙ","Тысяча семей",897,7,2
,,"10^6 семей","МЛН СЕМЕЙ","Миллион семей",898,7,2
,,домхоз,ДОМХОЗ,Домохозяйство,899,7,2
,,"10^3 домхоз","ТЫС ДОМХОЗ","Тысяча домохозяйств",900,7,2
,,"10^6 домхоз","МЛН ДОМХОЗ","Миллион домохозяйств",901,7,2
,,"учен. мест","УЧЕН МЕСТ","Ученическое место",902,7,2
,,"10^3 учен. мест","ТЫС УЧЕН МЕСТ","Тысяча ученических мест",903,7,2
,,"раб. мест","РАБ МЕСТ","Рабочее место",904,7,2
,,"10^3 раб. мест","ТЫС РАБ МЕСТ","Тысяча рабочих мест",905,7,2
,,"посад. мест","ПОСАД МЕСТ","Посадочное место",906,7,2
,,"10^3 посад. мест","ТЫС ПОСАД МЕСТ","Тысяча посадочных мест",907,7,2
,,ном,НОМ,Номер,908,7,2
,,кварт,КВАРТ,Квартира,909,7,2
,,"10^3 кварт","ТЫС КВАРТ","Тысяча квартир",910,7,2
,,коек,КОЕК,Койка,911,7,2
,,"10^3 коек","ТЫС КОЕК","Тысяча коек",912,7,2
,,"том книжн. фонд","ТОМ КНИЖН ФОНД","Том книжного фонда",913,7,2
,,"10^3 том. книжн. фонд","ТЫС ТОМ КНИЖН ФОНД","Тысяча томов книжного фонда",914,7,2
,,"усл. рем","УСЛ РЕМ","Условный ремонт",915,7,2
,,"усл. рем/год","УСЛ РЕМ/ГОД","Условный ремонт в год",916,7,2
,,смен,СМЕН,Смена,917,7,2
,,"л. авт","ЛИСТ АВТ","Лист авторский",918,7,2
,,"л. печ","ЛИСТ ПЕЧ","Лист печатный",920,7,2
,,"л. уч.-изд","ЛИСТ УЧ.ИЗД","Лист учетно-издательский",921,7,2
,,знак,ЗНАК,Знак,922,7,2
,,слово,СЛОВО,Слово,923,7,2
,,символ,СИМВОЛ,Символ,924,7,2
,,"усл. труб","УСЛ ТРУБ","Условная труба",925,7,2
,,"10^3 пласт","ТЫС ПЛАСТ","Тысяча пластин",930,7,2
,,"10^6 доз","МЛН ДОЗ","Миллион доз",937,7,2
,,"10^6 лист.оттиск","МЛН ЛИСТ.ОТТИСК","Миллион листов-оттисков",949,7,2
,,"ваг (маш).дн","ВАГ (МАШ).ДН",Вагоно(машино)-день,950,7,2
,,"10^3 ваг (маш).ч","ТЫС ВАГ (МАШ).Ч","Тысяча вагоно-(машино)-часов",951,7,2
,,"10^3 ваг (маш).км","ТЫС ВАГ (МАШ).КМ","Тысяча вагоно-(машино)-километров",952,7,2
,,"10 ^3мест.км","ТЫС МЕСТ.КМ","Тысяча место-километров",953,7,2
,,ваг.сут,ВАГ.СУТ,Вагоно-сутки,954,7,2
,,"10^3 поезд.ч","ТЫС ПОЕЗД.Ч","Тысяча поездо-часов",955,7,2
,,"10^3 поезд.км","ТЫС ПОЕЗД.КМ","Тысяча поездо-километров",956,7,2
,,"10^3 т.миль","ТЫС Т.МИЛЬ","Тысяча тонно-миль",957,7,2
,,"10^3 пасс.миль","ТЫС ПАСС.МИЛЬ","Тысяча пассажиро-миль",958,7,2
,,автомоб.дн,АВТОМОБ.ДН,Автомобиле-день,959,7,2
,,"10^3 автомоб.т.дн","ТЫС АВТОМОБ.Т.ДН","Тысяча автомобиле-тонно-дней",960,7,2
,,"10^3 автомоб.ч","ТЫС АВТОМОБ.Ч","Тысяча автомобиле-часов",961,7,2
,,"10^3 автомоб.мест. дн","ТЫС АВТОМОБ.МЕСТ. ДН","Тысяча автомобиле-место-дней",962,7,2
,,привед.ч,ПРИВЕД.Ч,"Приведенный час",963,7,2
,,самолет.км,САМОЛЕТ.КМ,Самолето-километр,964,7,2
,,"10^3 км","ТЫС КМ","Тысяча километров",965,7,2
,,"10^3 тоннаж. рейс","ТЫС ТОННАЖ. РЕЙС","Тысяча тоннаже-рейсов",966,7,2
,,"10^6 т. миль","МЛН Т. МИЛЬ","Миллион тонно-миль",967,7,2
,,"10^6 пасс. миль","МЛН ПАСС. МИЛЬ","Миллион пассажиро-миль",968,7,2
,,"10^6 тоннаж. миль","МЛН ТОННАЖ. МИЛЬ","Миллион тоннаже-миль",969,7,2
,,"10^6 пасс. мест. миль","МЛН ПАСС. МЕСТ. МИЛЬ","Миллион пассажиро-место-миль",970,7,2
,,"корм. дн","КОРМ. ДН",Кормо-день,971,7,2
,,"ц корм ед","Ц КОРМ ЕД","Центнер кормовых единиц",972,7,2
,,"10^3 автомоб. км","ТЫС АВТОМОБ. КМ","Тысяча автомобиле-километров",973,7,2
,,"10^3 тоннаж. сут","ТЫС ТОННАЖ. СУТ","Тысяча тоннаже-сут",974,7,2
,,"суго. сут.","СУГО. СУТ",Суго-сутки,975,7,2
,,"штук в 20-футовом эквиваленте","ШТ В 20 ФУТ ЭКВИВ","Штук в 20-футовом эквиваленте (ДФЭ)",976,7,2
,,"канал. км","КАНАЛ. КМ",Канало-километр,977,7,2
,,"канал. конц","КАНАЛ. КОНЦ",Канало-концы,978,7,2
,,"10^3 экз","ТЫС ЭКЗ","Тысяча экземпляров",979,7,2
,,"10^3 доллар","ТЫС ДОЛЛАР","Тысяча долларов",980,7,2
,,"10^3 корм ед","ТЫС Т КОРМ ЕД","Тысяча тонн кормовых единиц",981,7,2
,,"10^6 корм ед","МЛН Т КОРМ ЕД","Миллион тонн кормовых единиц",982,7,2
,,суд.сут,СУД.СУТ,Судо-сутки,983,7,2
hm,HMT,NULL,NULL,Гектометр,017,1,3
mile,SMI,NULL,NULL,"Миля (уставная) (1609,344 м)",045,1,3
acre,ACR,NULL,NULL,"Акр (4840 квадратных ярдов)",077,2,3
mile2,MIK,NULL,NULL,"Квадратная миля",079,2,3
"fl oz (UK)",OZI,NULL,NULL,"Жидкостная унция СК (28,413 см3)",135,3,3
"gill (UK)",GII,NULL,NULL,"Джилл СК (0,142065 дм3)",136,3,3
"pt (UK)",PTI,NULL,NULL,"Пинта СК (0,568262 дм3)",137,3,3
"qt (UK)",QTI,NULL,NULL,"Кварта СК (1,136523 дм3)",138,3,3
"gal (UK)",GLI,NULL,NULL,"Галлон СК (4,546092 дм3)",139,3,3
"bu (UK)",BUI,NULL,NULL,"Бушель СК (36,36874 дм3)",140,3,3
"fl oz (US)",OZA,NULL,NULL,"Жидкостная унция США (29,5735 см3)",141,3,3
"gill (US)",GIA,NULL,NULL,"Джилл США (11,8294 см3)",142,3,3
"liq pt (US)",PTL,NULL,NULL,"Жидкостная пинта США (0,473176 дм3)",143,3,3
"liq qt (US)",QTL,NULL,NULL,"Жидкостная кварта США (0,946353 дм3)",144,3,3
"gal (US)",GLL,NULL,NULL,"Жидкостный галлон США (3,78541 дм3)",145,3,3
"barrel (US)",BLL,NULL,NULL,"Баррель (нефтяной) США (158,987 дм3)",146,3,3
"dry pt (US)",PTD,NULL,NULL,"Сухая пинта США (0,55061 дм3)",147,3,3
"dry qt (US)",QTD,NULL,NULL,"Сухая кварта США (1,101221 дм3)",148,3,3
"dry gal (US)",GLD,NULL,NULL,"Сухой галлон США (4,404884 дм3)",149,3,3
"bu (US)",BUA,NULL,NULL,"Бушель США (35,2391 дм3)",150,3,3
"bbl (US)",BLD,NULL,NULL,"Сухой баррель США (115,627 дм3)",151,3,3
-,WSD,NULL,NULL,Стандарт,152,3,3
-,WCD,NULL,NULL,"Корд (3,63 м3)",153,3,3
-,MBF,NULL,NULL,"Тысячи бордфутов (2,36 м3)",154,3,3
-,NTT,NULL,NULL,"Нетто-регистровая тонна",182,4,3
-,SHT,NULL,NULL,"Обмерная (фрахтовая) тонна",183,4,3
-,DPT,NULL,NULL,Водоизмещение,184,4,3
lb,LBR,NULL,NULL,"Фунт СК, США (0,45359237 кг)",186,4,3
oz,ONZ,NULL,NULL,"Унция СК, США (28,349523 г)",187,4,3
dr,DRI,NULL,NULL,"Драхма СК (1,771745 г)",188,4,3
gn,GRN,NULL,NULL,"Гран СК, США (64,798910 мг)",189,4,3
st,STI,NULL,NULL,"Стоун СК (6,350293 кг)",190,4,3
qtr,QTR,NULL,NULL,"Квартер СК (12,700586 кг)",191,4,3
-,CNT,NULL,NULL,"Центал СК (45,359237 кг)",192,4,3
cwt,CWA,NULL,NULL,"Центнер США (45,3592 кг)",193,4,3
"cwt (UK)",CWI,NULL,NULL,"Длинный центнер СК (50,802345 кг)",194,4,3
sht,STN,NULL,NULL,"Короткая тонна СК, США (0,90718474 т) [2*]",195,4,3
lt,LTN,NULL,NULL,"Длинная тонна СК, США (1,0160469 т) [2*]",196,4,3
scr,SCR,NULL,NULL,"Скрупул СК, США (1,295982 г)",197,4,3
dwt,DWT,NULL,NULL,"Пеннивейт СК, США (1,555174 г)",198,4,3
drm,DRM,NULL,NULL,"Драхма СК (3,887935 г)",199,4,3
-,DRA,NULL,NULL,"Драхма США (3,887935 г)",200,4,3
apoz,APZ,NULL,NULL,"Унция СК, США (31,10348 г, 1); тройская унция",201,4,3
-,LBT,NULL,NULL,"Тройский фунт США (373,242 г)",202,4,3
B.h.p.,BHP,NULL,NULL,"Эффективная мощность (245,7 ватт)",213,5,3
Btu,BTU,NULL,NULL,"Британская тепловая единица (1,055 кДж)",275,5,3
"gr; 144",GRO,NULL,NULL,"Гросс (144 шт.)",638,7,3
1728,GGR,NULL,NULL,"Большой гросс (12 гроссов)",731,7,3
-,SST,NULL,NULL,"Короткий стандарт (7200 единиц)",738,7,3
-,PGL,NULL,NULL,"Галлон спирта установленной крепости",835,7,3
-,NIU,NULL,NULL,"Международная единица",851,7,3
-,HIU,NULL,NULL,"Сто международных единиц",853,7,3
